ID,Description,GeneRatio,BgRatio,pvalue,p.adjust,qvalue,geneID,Count,Category
map04915,Estrogen signaling pathway,10/210,34/3542,1.6181944341101122e-5,0.00461185413721382,0.004105103774953022,K03283/K01403/K09048/K04630/K08049/K05870/K02183/K04079/K09487/K04448,10,Organismal Systems; Endocrine system
map05215,Prostate cancer,9/210,42/3542,6.107983321744716e-4,0.058701908601337865,0.05225174505234507,K01403/K01110/K09048/K04362/K05870/K04079/K09435/K06620/K09487,9,Human Diseases; Cancer: specific types
map05200,Pathways in cancer,23/210,189/3542,6.179148273825039e-4,0.058701908601337865,0.05225174505234507,K01403/K09848/K04515/K01110/K04630/K08049/K00182/K04362/K04662/K00444/K05094/K03174/K02183/K04079/K05126/K03068/K09592/K06620/K06054/K00799/K04375/K09487/K04448,23,Human Diseases; Cancer: overview
map05418,Fluid shear stress and atherosclerosis,9/210,44/3542,8.754173388930333e-4,0.06237348539612862,0.05551988912453185,K01403/K04662/K14381/K02183/K04079/K04426/K00799/K09487/K04448,9,Human Diseases; Cardiovascular disease
map04916,Melanogenesis,8/210,39/3542,0.001662792905542822,0.07898266301328404,0.07030405091856493,K04515/K09048/K04630/K08049/K00182/K00444/K05870/K02183,8,Organismal Systems; Endocrine system
map04928,"Parathyroid hormone synthesis, secretion and action",8/210,39/3542,0.001662792905542822,0.07898266301328404,0.07030405091856493,K09048/K04630/K08049/K04362/K05870/K07763/K07995/K03068,8,Organismal Systems; Endocrine system
map05031,Amphetamine addiction,6/210,25/3542,0.002764468627307527,0.11255336554037788,0.10018600589189684,K04515/K09048/K11411/K05870/K02183/K04448,6,Human Diseases; Substance dependence
map04725,Cholinergic synapse,7/210,35/3542,0.0037675162338046946,0.13246179374343137,0.11790689673930549,K04515/K04808/K09048/K04630/K08049/K05870/K04131,7,Organismal Systems; Nervous system
map04657,IL-17 signaling pathway,6/210,27/3542,0.004183004012950464,0.13246179374343137,0.11790689673930549,K01403/K09848/K03174/K04079/K09487/K04448,6,Organismal Systems; Immune system
map04922,Glucagon signaling pathway,7/210,37/3542,0.005214386796724853,0.13337909336787973,0.11872340351489942,K01596/K04515/K09048/K11411/K05870/K02183/K16311,7,Organismal Systems; Endocrine system
map04934,Cushing syndrome,10/210,67/3542,0.005461378261757089,0.13337909336787973,0.11872340351489942,K04515/K09048/K04630/K08049/K00182/K00444/K05870/K00512/K14970/K06620,10,Human Diseases; Endocrine and metabolic disease
map04626,Plant-pathogen interaction,4/210,13/3542,0.005615961826015988,0.13337909336787973,0.11872340351489942,K01373/K02183/K04079/K09487,4,Organismal Systems; Environmental adaptation
map04912,GnRH signaling pathway,7/210,39/3542,0.0070434193754050755,0.14882897950365367,0.13247565673270742,K04515/K08049/K07763/K02183/K16342/K04375/K04448,7,Organismal Systems; Endocrine system
map04921,Oxytocin signaling pathway,8/210,49/3542,0.00731089723877597,0.14882897950365367,0.13247565673270742,K04515/K04630/K08049/K12751/K02183/K16342/K04375/K04448,8,Organismal Systems; Endocrine system
map04971,Gastric acid secretion,5/210,23/3542,0.00976369939555993,0.17812840416289966,0.15855566169255336,K04515/K04630/K08049/K02183/K04131,5,Organismal Systems; Digestive system
map04668,TNF signaling pathway,7/210,42/3542,0.010625203055330856,0.17812840416289966,0.15855566169255336,K01403/K09048/K05870/K07763/K03174/K04426/K04448,7,Environmental Information Processing; Signal transduction
map04926,Relaxin signaling pathway,7/210,42/3542,0.010625203055330856,0.17812840416289966,0.15855566169255336,K01403/K09048/K04630/K08049/K05870/K06236/K04448,7,Organismal Systems; Endocrine system
map04962,Vasopressin-regulated water reabsorption,5/210,24/3542,0.011751950246849616,0.18241263180880132,0.1623691385629589,K09048/K08049/K05870/K10424/K09866,5,Organismal Systems; Excretory system
map04612,Antigen processing and presentation,4/210,16/3542,0.012423898365391288,0.18241263180880132,0.1623691385629589,K03283/K09489/K05870/K04079,4,Organismal Systems; Immune system
map05417,Lipid and atherosclerosis,10/210,76/3542,0.01319661457162057,0.18241263180880132,0.1623691385629589,K03283/K01403/K04515/K09489/K03174/K02183/K04079/K04426/K09487/K04448,10,Human Diseases; Cardiovascular disease
map04713,Circadian entrainment,6/210,34/3542,0.013440930764859044,0.18241263180880132,0.1623691385629589,K04515/K04630/K08049/K05870/K04285/K02183,6,Organismal Systems; Environmental adaptation
map05207,Chemical carcinogenesis - receptor activation,9/210,66/3542,0.01471279707022681,0.1905975984097564,0.1696547413361082,K09048/K04630/K08049/K05870/K04373/K04079/K00799/K09487/K04448,9,Human Diseases; Cancer: overview
map05171,Coronavirus disease - COVID-19,12/210,105/3542,0.02013679668788971,0.2495211763499377,0.2221037987085318,K14216/K02964/K17834/K03992/K03174/K02971/K02966/K02997/K02957/K02868/K04448/K02922,12,Human Diseases; Infectious disease: viral
map04911,Insulin secretion,5/210,28/3542,0.022420068571411014,0.26623831428550576,0.2369840581451778,K04515/K09048/K08049/K05870/K04131,5,Organismal Systems; Endocrine system
map05224,Breast cancer,8/210,61/3542,0.025987939340840545,0.2962625084855822,0.26370919499547674,K01110/K00182/K04362/K00444/K03068/K06620/K06054/K04448,8,Human Diseases; Cancer: specific types
map05030,Cocaine addiction,4/210,20/3542,0.02746972128970393,0.30111040644483156,0.2680244061060181,K09048/K04630/K05870/K04448,4,Human Diseases; Substance dependence
map04151,PI3K-Akt signaling pathway,11/210,98/3542,0.02879942093118011,0.30399388760690116,0.27059105046449927,K01596/K01110/K09048/K04362/K05094/K05870/K06236/K04659/K04079/K05126/K09487,11,Environmental Information Processing; Signal transduction
map05322,Systemic lupus erythematosus,3/210,12/3542,0.03035452366126475,0.30873467259300486,0.2748109181714281,K11251/K05699/K11090,3,Human Diseases; Immune disease
map05166,Human T-cell leukemia virus 1 infection,10/210,87/3542,0.03141510703577944,0.30873467259300486,0.2748109181714281,K01110/K09048/K08049/K05870/K14290/K04378/K09341/K06620/K04375/K04448,10,Human Diseases; Infectious disease: viral
map04217,Necroptosis,6/210,42/3542,0.035419278413138244,0.3131225836465018,0.2787166857204319,K04515/K11251/K00261/K14381/K04079/K16342,6,Cellular Processes; Cell growth and death
map04610,Complement and coagulation cascades,3/210,13/3542,0.037776092211839425,0.3131225836465018,0.2787166857204319,K01315/K06462/K03992,3,Organismal Systems; Immune system
map04745,Phototransduction - fly,3/210,13/3542,0.037776092211839425,0.3131225836465018,0.2787166857204319,K04515/K02183/K00910,3,Organismal Systems; Sensory system
map04927,Cortisol synthesis and secretion,4/210,22/3542,0.03782120048633232,0.3131225836465018,0.2787166857204319,K09048/K08049/K05870/K00512,4,Organismal Systems; Endocrine system
map04750,Inflammatory mediator regulation of TRP channels,5/210,32/3542,0.037952056846628154,0.3131225836465018,0.2787166857204319,K04984/K04515/K08049/K02183/K16342,5,Organismal Systems; Sensory system
map05034,Alcoholism,6/210,43/3542,0.03920559219133126,0.3131225836465018,0.2787166857204319,K11251/K09048/K04630/K05870/K02183/K15014,6,Human Diseases; Substance dependence
map05202,Transcriptional misregulation in cancer,8/210,67/3542,0.04257080412291551,0.3131225836465018,0.2787166857204319,K01403/K06532/K14970/K13098/K09435/K09109/K10051/K15621,8,Human Diseases; Cancer: overview
map04740,Olfactory transduction,3/210,14/3542,0.04603256093656481,0.3131225836465018,0.2787166857204319,K04515/K02183/K00910,3,Organismal Systems; Sensory system
map04010,MAPK signaling pathway,11/210,106/3542,0.047322368735573835,0.3131225836465018,0.2787166857204319,K03283/K04362/K05094/K04373/K04378/K04468/K16342/K04426/K05126/K04375/K04448,11,Environmental Information Processing; Signal transduction
map04080,Neuroactive ligand-receptor interaction,11/210,106/3542,0.047322368735573835,0.3131225836465018,0.2787166857204319,K04231/K01315/K04808/K08378/K04285/K04131/K04201/K04203/K08375/K04221/K04239,11,Environmental Information Processing; Signaling molecules and interaction
map04071,Sphingolipid signaling pathway,6/210,45/3542,0.04752682730954109,0.3131225836465018,0.2787166857204319,K01110/K04630/K04712/K00654/K04426/K05665,6,Environmental Information Processing; Signal transduction
map04261,Adrenergic signaling in cardiomyocytes,6/210,45/3542,0.04752682730954109,0.3131225836465018,0.2787166857204319,K04515/K09048/K04630/K08049/K05870/K02183,6,Organismal Systems; Circulatory system
map04925,Aldosterone synthesis and secretion,5/210,34/3542,0.0476892115133254,0.3131225836465018,0.2787166857204319,K04515/K09048/K08049/K05870/K02183,5,Organismal Systems; Endocrine system
map05230,Central carbon metabolism in cancer,5/210,34/3542,0.0476892115133254,0.3131225836465018,0.2787166857204319,K01110/K04362/K05094/K08180/K05126,5,Human Diseases; Cancer: overview
map04814,Motor proteins,9/210,81/3542,0.04834173221209151,0.3131225836465018,0.2787166857204319,K20198/K20196/K10424/K12559/K12751/K10358/K16756/K17916/K10419,9,Cellular Processes; Cell motility
map05134,Legionellosis,4/210,24/3542,0.05012326133610814,0.3174473217953515,0.2825662218012178,K03283/K09414/K07874/K12805,4,Human Diseases; Infectious disease: bacterial
map05161,Hepatitis B,7/210,58/3542,0.05341346755728518,0.3309312663875278,0.29456855105962765,K01403/K09048/K05870/K03174/K06620/K04375/K04448,7,Human Diseases; Infectious disease: viral
map05163,Human cytomegalovirus infection,8/210,72/3542,0.06083871318630549,0.3689156012361077,0.3283791685979759,K17834/K09048/K04630/K08049/K05870/K02183/K06620/K04375,8,Human Diseases; Infectious disease: viral
map04918,Thyroid hormone synthesis,4/210,26/3542,0.06436526228182178,0.3770640494021663,0.3356322655805063,K09048/K08049/K05870/K09487,4,Organismal Systems; Endocrine system
map04212,Longevity regulating pathway - worm,5/210,37/3542,0.06482855586212684,0.3770640494021663,0.3356322655805063,K09414/K01110/K11411/K19766/K00799,5,Organismal Systems; Aging
map04913,Ovarian steroidogenesis,3/210,17/3542,0.07554270910994422,0.42956518214962336,0.3823645758007728,K08049/K00512/K16342,3,Organismal Systems; Endocrine system
map03008,Ribosome biogenesis in eukaryotes,7/210,63/3542,0.07686955891098524,0.42956518214962336,0.3823645758007728,K07178/K03685/K03538/K14548/K14290/K14537/K14538,7,Genetic Information Processing; Translation
map05205,Proteoglycans in cancer,9/210,90/3542,0.08316247544732681,0.4471365703205731,0.39800522048848797,K01403/K03685/K10380/K04515/K00182/K04362/K00444/K06236/K04375,9,Human Diseases; Cancer: overview
map04310,Wnt signaling pathway,8/210,77/3542,0.08340493039909447,0.4471365703205731,0.39800522048848797,K04515/K26734/K11411/K00182/K00444/K04468/K03068/K04448,8,Environmental Information Processing; Signal transduction
map04022,cGMP-PKG signaling pathway,6/210,52/3542,0.08472061332389806,0.4471365703205731,0.39800522048848797,K09048/K04630/K08049/K05870/K02183/K04378,6,Environmental Information Processing; Signal transduction
map05219,Bladder cancer,3/210,18/3542,0.08684466931550673,0.4500132864530803,0.4005658431586052,K01403/K05094/K06620,3,Human Diseases; Cancer: specific types
map04024,cAMP signaling pathway,8/210,79/3542,0.09365177890889818,0.47379533631023363,0.42173472225583125,K04515/K09048/K04630/K08049/K05870/K02183/K04221/K04448,8,Environmental Information Processing; Signal transduction
map04974,Protein digestion and absorption,4/210,30/3542,0.09842740038526752,0.47379533631023363,0.42173472225583125,K08187/K06236/K19721/K09632,4,Organismal Systems; Digestive system
map00830,Retinol metabolism,3/210,19/3542,0.09881251189555268,0.47379533631023363,0.42173472225583125,K11154/K11149/K15734,3,Metabolism; Metabolism of cofactors and vitamins
map04514,Cell adhesion molecules,3/210,19/3542,0.09881251189555268,0.47379533631023363,0.42173472225583125,K06777/K07380/K06775,3,Environmental Information Processing; Signaling molecules and interaction
map03010,Ribosome,10/210,107/3542,0.09974638659162813,0.47379533631023363,0.42173472225583125,K02967/K02964/K02961/K02971/K02966/K02997/K02957/K02954/K02868/K02922,10,Genetic Information Processing; Translation
map04013,MAPK signaling pathway - fly,6/210,55/3542,0.1044876110334198,0.47385108677321836,0.42178434686000227,K04662/K14290/K08892/K04426/K20232/K04448,6,Environmental Information Processing; Signal transduction
map04213,Longevity regulating pathway - multiple species,4/210,31/3542,0.10803384895678746,0.47385108677321836,0.42178434686000227,K03283/K11411/K08049/K19766,4,Organismal Systems; Aging
map05214,Glioma,4/210,31/3542,0.10803384895678746,0.47385108677321836,0.42178434686000227,K04515/K01110/K02183/K06620,4,Human Diseases; Cancer: specific types
map04728,Dopaminergic synapse,5/210,43/3542,0.1080713004921375,0.47385108677321836,0.42178434686000227,K04515/K09048/K04630/K05870/K02183,5,Organismal Systems; Nervous system
map04931,Insulin resistance,5/210,43/3542,0.1080713004921375,0.47385108677321836,0.42178434686000227,K01596/K01110/K09048/K05870/K04373,5,Human Diseases; Endocrine and metabolic disease
map05225,Hepatocellular carcinoma,7/210,70/3542,0.11838399767596838,0.5093956084389702,0.45342323779793847,K01110/K00182/K00444/K03068/K06620/K00799/K04375,7,Human Diseases; Cancer: specific types
map04020,Calcium signaling pathway,8/210,84/3542,0.12227372729129925,0.5093956084389702,0.45342323779793847,K04515/K08049/K04362/K05094/K02183/K04131/K16896/K05126,8,Environmental Information Processing; Signal transduction
map04720,Long-term potentiation,3/210,21/3542,0.12456902994572502,0.5093956084389702,0.45342323779793847,K04515/K04373/K02183,3,Organismal Systems; Nervous system
map05133,Pertussis,3/210,21/3542,0.12456902994572502,0.5093956084389702,0.45342323779793847,K04630/K02183/K04448,3,Human Diseases; Infectious disease: bacterial
map04510,Focal adhesion,7/210,71/3542,0.12511471084465936,0.5093956084389702,0.45342323779793847,K01110/K06236/K04659/K05699/K06275/K04375/K04448,7,Cellular Processes; Cellular community - eukaryotes
map04970,Salivary secretion,4/210,33/3542,0.128444545117112,0.5155872585686891,0.4589345496400889,K08049/K02183/K04131/K13912,4,Organismal Systems; Digestive system
map00260,"Glycine, serine and threonine metabolism",4/210,34/3542,0.1392119229309502,0.5509423020192096,0.4904047822220851,K00544/K00613/K00273/K15789,4,Metabolism; Amino acid metabolism
map04150,mTOR signaling pathway,8/210,87/3542,0.14143826481038904,0.5509423020192096,0.4904047822220851,K14299/K01110/K00182/K00444/K20397/K04373/K03068/K16344,8,Environmental Information Processing; Signal transduction
map04935,"Growth hormone synthesis, secretion and action",5/210,47/3542,0.1430516854365667,0.5509423020192096,0.4904047822220851,K09048/K04630/K08049/K05870/K04221,5,Organismal Systems; Endocrine system
map04530,Tight junction,6/210,61/3542,0.15045714603758342,0.571737154942817,0.5089146974744927,K07901/K09489/K12751/K05699/K04426/K04448,6,Cellular Processes; Cellular community - eukaryotes
map04621,NOD-like receptor signaling pathway,6/210,62/3542,0.1588887542030175,0.5958328282613157,0.530362739098715,K14216/K20865/K03174/K04079/K04448/K12805,6,Organismal Systems; Immune system
map04923,Regulation of lipolysis in adipocytes,3/210,24/3542,0.1670643998938485,0.6183552463603483,0.5504103947288789,K04630/K08049/K16816,3,Organismal Systems; Endocrine system
map04611,Platelet activation,4/210,37/3542,0.1735223642779881,0.6213601773279989,0.5530851439927894,K04630/K08049/K06236/K16342,4,Organismal Systems; Immune system
map04972,Pancreatic secretion,4/210,37/3542,0.1735223642779881,0.6213601773279989,0.5530851439927894,K07901/K08049/K09632/K04131,4,Organismal Systems; Digestive system
map04141,Protein processing in endoplasmic reticulum,9/210,106/3542,0.17441689188154355,0.6213601773279989,0.5530851439927894,K03283/K13250/K12275/K13251/K09540/K04079/K04426/K09486/K09487,9,"Genetic Information Processing; Folding, sorting and degradation"
map01040,Biosynthesis of unsaturated fatty acids,2/210,13/3542,0.17785819860393556,0.6257973654582918,0.5570347740552108,K10703/K10244,2,Metabolism; Lipid metabolism
map05218,Melanoma,3/210,25/3542,0.18207262162745266,0.6258406097689974,0.5570732666826532,K01110/K04362/K06620,3,Human Diseases; Cancer: specific types
map05152,Tuberculosis,5/210,51/3542,0.18226235302044483,0.6258406097689974,0.5570732666826532,K04515/K05870/K06462/K02183/K05398,5,Human Diseases; Infectious disease: bacterial
map04722,Neurotrophin signaling pathway,5/210,52/3542,0.1926391338392266,0.6399022965317048,0.569589855823235,K04515/K04373/K02183/K04426/K04448,5,Organismal Systems; Nervous system
map00250,"Alanine, aspartate and glutamate metabolism",3/210,26/3542,0.19742575545514365,0.6399022965317048,0.569589855823235,K14454/K00261/K13051,3,Metabolism; Amino acid metabolism
map00480,Glutathione metabolism,3/210,26/3542,0.19742575545514365,0.6399022965317048,0.569589855823235,K11188/K18592/K00799,3,Metabolism; Metabolism of other amino acids
map01522,Endocrine resistance,4/210,39/3542,0.19785766206627045,0.6399022965317048,0.569589855823235,K01403/K08049/K06620/K04448,4,Human Diseases; Drug resistance: antineoplastic
map00062,Fatty acid elongation,2/210,14/3542,0.19982913821516396,0.6399022965317048,0.569589855823235,K10703/K10244,2,Metabolism; Lipid metabolism
map00670,One carbon pool by folate,2/210,14/3542,0.19982913821516396,0.6399022965317048,0.569589855823235,K00287/K00548,2,Metabolism; Metabolism of cofactors and vitamins
map04724,Glutamatergic synapse,4/210,40/3542,0.21039840297789295,0.6557844862408193,0.5837269111137118,K04630/K08049/K16342/K00910,4,Organismal Systems; Nervous system
map04620,Toll-like receptor signaling pathway,3/210,27/3542,0.21307909632226973,0.6557844862408193,0.5837269111137118,K03174/K05398/K04448,3,Organismal Systems; Immune system
map04924,Renin secretion,3/210,27/3542,0.21307909632226973,0.6557844862408193,0.5837269111137118,K04630/K05870/K02183,3,Organismal Systems; Endocrine system
map05167,Kaposi sarcoma-associated herpesvirus infection,5/210,54/3542,0.21399283235226735,0.6557844862408193,0.5837269111137118,K05870/K03174/K02183/K06620/K04448,5,Human Diseases; Infectious disease: viral
map05132,Salmonella infection,9/210,112/3542,0.21730017505914073,0.6588356371473948,0.5864428016713653,K10424/K21954/K10358/K04079/K10419/K20183/K09487/K04448/K12805,9,Human Diseases; Infectious disease: bacterial
map04211,Longevity regulating pathway,4/210,41/3542,0.22315845732358192,0.6609160415256008,0.5882946112933326,K09048/K11411/K08049/K05870,4,Organismal Systems; Aging
map04114,Oocyte meiosis,5/210,55/3542,0.22494335448415184,0.6609160415256008,0.5882946112933326,K04515/K08836/K08049/K04373/K02183,5,Cellular Processes; Cell growth and death
map04152,AMPK signaling pathway,5/210,55/3542,0.22494335448415184,0.6609160415256008,0.5882946112933326,K01596/K09048/K11411/K07901/K05870,5,Environmental Information Processing; Signal transduction
map04550,Signaling pathways regulating pluripotency of stem cells,5/210,56/3542,0.2360584697302848,0.6864965701339915,0.6110643523630359,K00182/K04362/K04662/K00444/K05094,5,Cellular Processes; Cellular community - eukaryotes
map00590,Arachidonic acid metabolism,2/210,16/3542,0.2445447300005307,0.6969524805015125,0.6203713676855569,K18592/K16342,2,Metabolism; Lipid metabolism
map01523,Antifolate resistance,2/210,16/3542,0.2445447300005307,0.6969524805015125,0.6203713676855569,K00287/K05665,2,Human Diseases; Drug resistance: antineoplastic
map04270,Vascular smooth muscle contraction,4/210,44/3542,0.262535134827072,0.7249269032761282,0.6452719619189174,K08049/K12751/K02183/K16342,4,Organismal Systems; Circulatory system
map05162,Measles,4/210,44/3542,0.262535134827072,0.7249269032761282,0.6452719619189174,K14216/K03283/K03174/K04448,4,Human Diseases; Infectious disease: viral
map05222,Small cell lung cancer,4/210,44/3542,0.262535134827072,0.7249269032761282,0.6452719619189174,K09848/K01110/K03174/K06620,4,Human Diseases; Cancer: specific types
map00350,Tyrosine metabolism,2/210,17/3542,0.26707833278594195,0.7249269032761282,0.6452719619189174,K14454/K18933,2,Metabolism; Amino acid metabolism
map00565,Ether lipid metabolism,2/210,17/3542,0.26707833278594195,0.7249269032761282,0.6452719619189174,K16342/K16794,2,Metabolism; Lipid metabolism
map05217,Basal cell carcinoma,3/210,31/3542,0.27784556193040355,0.7359414983742285,0.6550762737144564,K00182/K04662/K00444,3,Human Diseases; Cancer: specific types
map04144,Endocytosis,9/210,120/3542,0.28005510115849463,0.7359414983742285,0.6550762737144564,K03283/K11247/K07901/K05094/K12492/K12486/K00910/K18443/K12472,9,Cellular Processes; Transport and catabolism
map04361,Axon regeneration,4/210,46/3542,0.2894847689218896,0.7359414983742285,0.6550762737144564,K01110/K08049/K23488/K05110,4,Organismal Systems; Development and regeneration
map00220,Arginine biosynthesis,2/210,18/3542,0.2896075407197466,0.7359414983742285,0.6550762737144564,K14454/K00261,2,Metabolism; Amino acid metabolism
map05140,Leishmaniasis,2/210,18/3542,0.2896075407197466,0.7359414983742285,0.6550762737144564,K04375/K04448,2,Human Diseases; Infectious disease: parasitic
map04014,Ras signaling pathway,6/210,76/3542,0.29433920822648557,0.7359414983742285,0.6550762737144564,K04362/K05094/K02183/K16342/K10632/K04375,6,Environmental Information Processing; Signal transduction
map01212,Fatty acid metabolism,3/210,32/3542,0.2943765993496914,0.7359414983742285,0.6550762737144564,K10703/K10244/K08766,3,NA
map04670,Leukocyte transendothelial migration,3/210,32/3542,0.2943765993496914,0.7359414983742285,0.6550762737144564,K01403/K04630/K05699,3,Organismal Systems; Immune system
map05032,Morphine addiction,3/210,32/3542,0.2943765993496914,0.7359414983742285,0.6550762737144564,K04630/K08049/K00910,3,Human Diseases; Substance dependence
map05164,Influenza A,4/210,47/3542,0.30310645110657075,0.7511768570901971,0.6686375717774239,K14216/K01315/K14290/K03174,4,Human Diseases; Infectious disease: viral
map02010,ABC transporters,2/210,19/3542,0.31205401469906335,0.7666844326658022,0.6824411755215452,K05656/K05665,2,Environmental Information Processing; Membrane transport
map04914,Progesterone-mediated oocyte maturation,4/210,48/3542,0.31679926224686594,0.7716905106013401,0.6868971857984228,K04630/K08049/K04373/K04079,4,Organismal Systems; Endocrine system
map04512,ECM-receptor interaction,2/210,20/3542,0.3343486367633912,0.8007509367862731,0.712764453427486,K06236/K04659,2,Environmental Information Processing; Signaling molecules and interaction
map04624,Toll and Imd signaling pathway,2/210,20/3542,0.3343486367633912,0.8007509367862731,0.712764453427486,K04448/K20703,2,Organismal Systems; Immune system
map00330,Arginine and proline metabolism,3/210,35/3542,0.34421000823764825,0.8107425813861963,0.7216582164878054,K14454/K00613/K00273,3,Metabolism; Amino acid metabolism
map04012,ErbB signaling pathway,3/210,35/3542,0.34421000823764825,0.8107425813861963,0.7216582164878054,K04515/K04375/K04448,3,Environmental Information Processing; Signal transduction
map04218,Cellular senescence,5/210,66/3542,0.3533080279573805,0.8109959587495018,0.7218837527557893,K01110/K11411/K14381/K02183/K06620,5,Cellular Processes; Cell growth and death
map04714,Thermogenesis,8/210,113/3542,0.35428894448463205,0.8109959587495018,0.7218837527557893,K09048/K08049/K04362/K05870/K04373/K04426/K16816/K08766,8,Organismal Systems; Environmental adaptation
map05165,Human papillomavirus infection,9/210,129/3542,0.3558099309331631,0.8109959587495018,0.7218837527557893,K01110/K09048/K00182/K00444/K05870/K06236/K04659/K03174/K06054,9,Human Diseases; Infectious disease: viral
map04341,Hedgehog signaling pathway - fly,2/210,21/3542,0.3564307006389349,0.8109959587495018,0.7218837527557893,K04662/K09319,2,Environmental Information Processing; Signal transduction
map05206,MicroRNAs in cancer,6/210,82/3542,0.35854558176293766,0.8109959587495018,0.7218837527557893,K01403/K01110/K11411/K05094/K05665/K06620,6,Human Diseases; Cancer: overview
map04214,Apoptosis - fly,3/210,37/3542,0.3773193940955084,0.8292341697252743,0.7381179497831619,K09848/K04426/K04448,3,Cellular Processes; Cell growth and death
map04380,Osteoclast differentiation,3/210,37/3542,0.3773193940955084,0.8292341697252743,0.7381179497831619,K14381/K05870/K04448,3,Organismal Systems; Development and regeneration
map00020,Citrate cycle (TCA cycle),2/210,22/3542,0.3782471651378444,0.8292341697252743,0.7381179497831619,K01596/K00627,2,Metabolism; Carbohydrate metabolism
map03320,PPAR signaling pathway,2/210,22/3542,0.3782471651378444,0.8292341697252743,0.7381179497831619,K01596/K08766,2,Organismal Systems; Endocrine system
map04210,Apoptosis,4/210,53/3542,0.38567307864862654,0.8390597512584623,0.7468638967803857,K01373/K01366/K04426/K04448,4,Cellular Processes; Cell growth and death
map05203,Viral carcinogenesis,6/210,85/3542,0.3910839904488891,0.8413927360832525,0.7489405333187953,K09048/K05870/K03174/K05699/K04378/K04448,6,Human Diseases; Cancer: overview
map00760,Nicotinate and nicotinamide metabolism,2/210,23/3542,0.3997519658581984,0.8413927360832525,0.7489405333187953,K01081/K11411,2,Metabolism; Metabolism of cofactors and vitamins
map04659,Th17 cell differentiation,2/210,23/3542,0.3997519658581984,0.8413927360832525,0.7489405333187953,K04079/K04448,2,Organismal Systems; Immune system
map04730,Long-term depression,2/210,23/3542,0.3997519658581984,0.8413927360832525,0.7489405333187953,K04630/K16342,2,Organismal Systems; Nervous system
map04015,Rap1 signaling pathway,5/210,70/3542,0.4015067091484994,0.8413927360832525,0.7489405333187953,K04630/K08049/K04362/K05094/K02183,5,Environmental Information Processing; Signal transduction
map00970,Aminoacyl-tRNA biosynthesis,2/210,24/3542,0.4209053809458664,0.8599171149004513,0.765429454075748,K01872/K01883,2,Genetic Information Processing; Translation
map01210,2-Oxocarboxylic acid metabolism,2/210,24/3542,0.4209053809458664,0.8599171149004513,0.765429454075748,K14454/K00627,2,NA
map04976,Bile secretion,2/210,24/3542,0.4209053809458664,0.8599171149004513,0.765429454075748,K08049/K09866,2,Organismal Systems; Digestive system
map04068,FoxO signaling pathway,4/210,56/3542,0.42670884453083113,0.8599171149004513,0.765429454075748,K01596/K01110/K11411/K04468,4,Environmental Information Processing; Signal transduction
map05168,Herpes simplex virus 1 infection,4/210,56/3542,0.42670884453083113,0.8599171149004513,0.765429454075748,K14216/K17834/K03174/K09228,4,Human Diseases; Infectious disease: viral
map05412,Arrhythmogenic right ventricular cardiomyopathy,2/210,25/3542,0.4416734469735546,0.8599171149004513,0.765429454075748,K10366/K21073,2,Human Diseases; Cardiovascular disease
map00053,Ascorbate and aldarate metabolism,1/210,10/3542,0.4577295116417025,0.8599171149004513,0.765429454075748,K01053,1,Metabolism; Carbohydrate metabolism
map04016,MAPK signaling pathway - plant,1/210,10/3542,0.4577295116417025,0.8599171149004513,0.765429454075748,K02183,1,Environmental Information Processing; Signal transduction
map00270,Cysteine and methionine metabolism,3/210,42/3542,0.45816746486765225,0.8599171149004513,0.765429454075748,K00544/K14454/K00548,3,Metabolism; Amino acid metabolism
map00600,Sphingolipid metabolism,2/210,26/3542,0.4620274212667552,0.8599171149004513,0.765429454075748,K04712/K00654,2,Metabolism; Lipid metabolism
map03060,Protein export,2/210,26/3542,0.4620274212667552,0.8599171149004513,0.765429454075748,K12275/K09540,2,"Genetic Information Processing; Folding, sorting and degradation"
map04350,TGF-beta signaling pathway,3/210,43/3542,0.4738363816794393,0.8599171149004513,0.765429454075748,K06825/K04662/K19383,3,Environmental Information Processing; Signal transduction
map05146,Amoebiasis,2/210,27/3542,0.48194328726231406,0.8599171149004513,0.765429454075748,K06236/K05699,2,Human Diseases; Infectious disease: parasitic
map05169,Epstein-Barr virus infection,5/210,77/3542,0.48455630723098364,0.8599171149004513,0.765429454075748,K14216/K03174/K06620/K06054/K04448,5,Human Diseases; Infectious disease: viral
map04520,Adherens junction,3/210,44/3542,0.4892974485222952,0.8599171149004513,0.765429454075748,K04362/K05699/K04468,3,Cellular Processes; Cellular community - eukaryotes
map05226,Gastric cancer,4/210,61/3542,0.4933549516581963,0.8599171149004513,0.765429454075748,K00182/K00444/K03068/K06620,4,Human Diseases; Cancer: specific types
map05235,PD-L1 expression and PD-1 checkpoint pathway in cancer,2/210,28/3542,0.5014012997240436,0.8599171149004513,0.765429454075748,K01110/K04448,2,Human Diseases; Cancer: overview
map00450,Selenocompound metabolism,1/210,12/3542,0.5203040398465937,0.8599171149004513,0.765429454075748,K00548,1,Metabolism; Metabolism of other amino acids
map00534,Glycosaminoglycan biosynthesis - heparan sulfate / heparin,1/210,12/3542,0.5203040398465937,0.8599171149004513,0.765429454075748,K02513,1,Metabolism; Glycan biosynthesis and metabolism
map00982,Drug metabolism - cytochrome P450,1/210,12/3542,0.5203040398465937,0.8599171149004513,0.765429454075748,K00799,1,Metabolism; Xenobiotics biodegradation and metabolism
map04950,Maturity onset diabetes of the young,1/210,12/3542,0.5203040398465937,0.8599171149004513,0.765429454075748,K06054,1,Human Diseases; Endocrine and metabolic disease
map04977,Vitamin digestion and absorption,1/210,12/3542,0.5203040398465937,0.8599171149004513,0.765429454075748,K05665,1,Organismal Systems; Digestive system
map05033,Nicotine addiction,1/210,12/3542,0.5203040398465937,0.8599171149004513,0.765429454075748,K04808,1,Human Diseases; Substance dependence
map04623,Cytosolic DNA-sensing pathway,2/210,29/3542,0.5203855668624462,0.8599171149004513,0.765429454075748,K17834/K13116,2,Organismal Systems; Immune system
map04727,GABAergic synapse,2/210,29/3542,0.5203855668624462,0.8599171149004513,0.765429454075748,K04630/K08049,2,Organismal Systems; Nervous system
map05213,Endometrial cancer,2/210,29/3542,0.5203855668624462,0.8599171149004513,0.765429454075748,K01110/K04375,2,Human Diseases; Cancer: specific types
map03013,Nucleocytoplasmic transport,5/210,81/3542,0.5302585759477643,0.8599171149004513,0.765429454075748,K14299/K14301/K14290/K14300/K14304,5,Genetic Information Processing; Translation
map04371,Apelin signaling pathway,3/210,47/3542,0.5342966681854657,0.8599171149004513,0.765429454075748,K04630/K08049/K02183,3,Environmental Information Processing; Signal transduction
map03250,Viral life cycle - HIV-1,2/210,30/3542,0.5388836666131703,0.8599171149004513,0.765429454075748,K15183/K14290,2,Genetic Information Processing; Information processing in viruses
map05142,Chagas disease,2/210,30/3542,0.5388836666131703,0.8599171149004513,0.765429454075748,K04630/K04448,2,Human Diseases; Infectious disease: parasitic
map05145,Toxoplasmosis,2/210,30/3542,0.5388836666131703,0.8599171149004513,0.765429454075748,K03283/K04630,2,Human Diseases; Infectious disease: parasitic
map05223,Non-small cell lung cancer,2/210,30/3542,0.5388836666131703,0.8599171149004513,0.765429454075748,K05126/K06620,2,Human Diseases; Cancer: specific types
map01110,Biosynthesis of secondary metabolites,16/210,270/3542,0.540979489051555,0.8599171149004513,0.765429454075748,K00544/K11188/K01596/K14454/K01081/K24041/K18933/K10703/K00548/K16342/K00273/K13051/K00111/K01053/K10244/K00627,16,NA
map04062,Chemokine signaling pathway,3/210,48/3542,0.5487964952480389,0.8599171149004513,0.765429454075748,K04630/K08049/K00910,3,Organismal Systems; Immune system
map04936,Alcoholic liver disease,3/210,48/3542,0.5487964952480389,0.8599171149004513,0.765429454075748,K11411/K03174/K04426,3,Human Diseases; Endocrine and metabolic disease
map05160,Hepatitis C,3/210,48/3542,0.5487964952480389,0.8599171149004513,0.765429454075748,K14216/K03174/K06620,3,Human Diseases; Infectious disease: viral
map00140,Steroid hormone biosynthesis,1/210,13/3542,0.5488411932834818,0.8599171149004513,0.765429454075748,K00512,1,Metabolism; Lipid metabolism
map00515,Mannose type O-glycan biosynthesis,1/210,13/3542,0.5488411932834818,0.8599171149004513,0.765429454075748,K09666,1,Metabolism; Glycan biosynthesis and metabolism
map00532,Glycosaminoglycan biosynthesis - chondroitin sulfate / dermatan sulfate,1/210,13/3542,0.5488411932834818,0.8599171149004513,0.765429454075748,K03193,1,Metabolism; Glycan biosynthesis and metabolism
map04710,Circadian rhythm,1/210,13/3542,0.5488411932834818,0.8599171149004513,0.765429454075748,K05870,1,Organismal Systems; Environmental adaptation
map04742,Taste transduction,1/210,13/3542,0.5488411932834818,0.8599171149004513,0.765429454075748,K04131,1,Organismal Systems; Sensory system
map04980,Cobalamin transport and metabolism,1/210,13/3542,0.5488411932834818,0.8599171149004513,0.765429454075748,K00548,1,Organismal Systems; Digestive system
map04148,Efferocytosis,4/210,66/3542,0.5565938002062107,0.8599171149004513,0.765429454075748,K04515/K11411/K05870/K20183,4,Cellular Processes; Transport and catabolism
map00561,Glycerolipid metabolism,2/210,31/3542,0.5568862945223266,0.8599171149004513,0.765429454075748,K14457/K16816,2,Metabolism; Lipid metabolism
map04810,Regulation of actin cytoskeleton,5/210,84/3542,0.5633354568690382,0.8599171149004513,0.765429454075748,K04362/K05094/K06462/K04131/K05699,5,Cellular Processes; Cell motility
map05130,Pathogenic Escherichia coli infection,4/210,67/3542,0.5687359171304929,0.8599171149004513,0.765429454075748,K07874/K12559/K10358/K04448,4,Human Diseases; Infectious disease: bacterial
map00010,Glycolysis / Gluconeogenesis,2/210,32/3542,0.5743869408671689,0.8599171149004513,0.765429454075748,K01596/K00627,2,Metabolism; Carbohydrate metabolism
map00520,Amino sugar and nucleotide sugar metabolism,2/210,32/3542,0.5743869408671689,0.8599171149004513,0.765429454075748,K01183/K00326,2,Metabolism; Carbohydrate metabolism
map01521,EGFR tyrosine kinase inhibitor resistance,2/210,32/3542,0.5743869408671689,0.8599171149004513,0.765429454075748,K01110/K05094,2,Human Diseases; Drug resistance: antineoplastic
map01524,Platinum drug resistance,2/210,32/3542,0.5743869408671689,0.8599171149004513,0.765429454075748,K04426/K00799,2,Human Diseases; Drug resistance: antineoplastic
map04933,AGE-RAGE signaling pathway in diabetic complications,2/210,32/3542,0.5743869408671689,0.8599171149004513,0.765429454075748,K06236/K04448,2,Human Diseases; Endocrine and metabolic disease
map00040,Pentose and glucuronate interconversions,1/210,14/3542,0.5756882744425833,0.8599171149004513,0.765429454075748,K00875,1,Metabolism; Carbohydrate metabolism
map00710,Carbon fixation in photosynthetic organisms,1/210,14/3542,0.5756882744425833,0.8599171149004513,0.765429454075748,K14454,1,Metabolism; Energy metabolism
map04975,Fat digestion and absorption,1/210,14/3542,0.5756882744425833,0.8599171149004513,0.765429454075748,K14457,1,Organismal Systems; Digestive system
map04140,Autophagy - animal,6/210,103/3542,0.5791749223070304,0.8599171149004513,0.765429454075748,K01110/K07901/K07874/K14381/K21347/K20183,6,Cellular Processes; Transport and catabolism
map04360,Axon guidance,4/210,68/3542,0.5806936638710821,0.8599171149004513,0.765429454075748,K04515/K04630/K00444/K05110,4,Organismal Systems; Development and regeneration
map04540,Gap junction,2/210,33/3542,0.5913815948087314,0.8599171149004513,0.765429454075748,K04630/K08049,2,Cellular Processes; Cellular community - eukaryotes
map04625,C-type lectin receptor signaling pathway,2/210,33/3542,0.5913815948087314,0.8599171149004513,0.765429454075748,K02183/K04448,2,Organismal Systems; Immune system
map05211,Renal cell carcinoma,2/210,33/3542,0.5913815948087314,0.8599171149004513,0.765429454075748,K09592/K04448,2,Human Diseases; Cancer: specific types
map05414,Dilated cardiomyopathy,2/210,33/3542,0.5913815948087314,0.8599171149004513,0.765429454075748,K08049/K10366,2,Human Diseases; Cardiovascular disease
map04392,Hippo signaling pathway - multiple species,1/210,15/3542,0.6009449247733818,0.8606497666352454,0.7660816020649829,K16685,1,Environmental Information Processing; Signal transduction
map04979,Cholesterol metabolism,1/210,15/3542,0.6009449247733818,0.8606497666352454,0.7660816020649829,K10637,1,Organismal Systems; Digestive system
map05204,Chemical carcinogenesis - DNA adducts,1/210,15/3542,0.6009449247733818,0.8606497666352454,0.7660816020649829,K00799,1,Human Diseases; Cancer: overview
map04390,Hippo signaling pathway,4/210,70/3542,0.6040345328237465,0.8607492092738388,0.7661701179501207,K00182/K04662/K00444/K16685,4,Environmental Information Processing; Signal transduction
map00620,Pyruvate metabolism,2/210,34/3542,0.6078684735296656,0.8619030594823617,0.7671971831403477,K01596/K00627,2,Metabolism; Carbohydrate metabolism
map04726,Serotonergic synapse,2/210,35/3542,0.6238477744564545,0.8657526808108138,0.7706238082194132,K04630/K16342,2,Organismal Systems; Nervous system
map00770,Pantothenate and CoA biosynthesis,1/210,16/3542,0.6247049377582387,0.8657526808108138,0.7706238082194132,K18933,1,Metabolism; Metabolism of cofactors and vitamins
map00785,Lipoic acid metabolism,1/210,16/3542,0.6247049377582387,0.8657526808108138,0.7706238082194132,K00627,1,Metabolism; Metabolism of cofactors and vitamins
map04060,Cytokine-cytokine receptor interaction,1/210,16/3542,0.6247049377582387,0.8657526808108138,0.7706238082194132,K04662,1,Environmental Information Processing; Signaling molecules and interaction
map05415,Diabetic cardiomyopathy,5/210,90/3542,0.6257721131474654,0.8657526808108138,0.7706238082194132,K01403/K04515/K01110/K06236/K08766,5,Human Diseases; Cardiovascular disease
map00980,Metabolism of xenobiotics by cytochrome P450,1/210,17/3542,0.647056600569007,0.8830666007661596,0.7860352752895456,K00799,1,Metabolism; Xenobiotics biodegradation and metabolism
map05416,Viral myocarditis,1/210,17/3542,0.647056600569007,0.8830666007661596,0.7860352752895456,K10366,1,Human Diseases; Cardiovascular disease
map05231,Choline metabolism in cancer,2/210,37/3542,0.6542929947843197,0.8830666007661596,0.7860352752895456,K16342/K04448,2,Human Diseases; Cancer: overview
map04137,Mitophagy - animal,3/210,57/3542,0.6666180766199625,0.8830666007661596,0.7860352752895456,K14381/K21347/K04448,3,Cellular Processes; Transport and catabolism
map04919,Thyroid hormone signaling pathway,3/210,57/3542,0.6666180766199625,0.8830666007661596,0.7860352752895456,K01562/K08187/K04662,3,Organismal Systems; Endocrine system
map00680,Methane metabolism,1/210,18/3542,0.6680830158542579,0.8830666007661596,0.7860352752895456,K18933,1,Metabolism; Energy metabolism
map00790,Folate biosynthesis,1/210,18/3542,0.6680830158542579,0.8830666007661596,0.7860352752895456,K00287,1,Metabolism; Metabolism of cofactors and vitamins
map04370,VEGF signaling pathway,1/210,18/3542,0.6680830158542579,0.8830666007661596,0.7860352752895456,K16342,1,Environmental Information Processing; Signal transduction
map03018,RNA degradation,3/210,58/3542,0.6782321654966827,0.8830666007661596,0.7860352752895456,K03654/K12627/K03681,3,"Genetic Information Processing; Folding, sorting and degradation"
map05135,Yersinia infection,3/210,58/3542,0.6782321654966827,0.8830666007661596,0.7860352752895456,K04373/K04448/K12805,3,Human Diseases; Infectious disease: bacterial
map05022,Pathways of neurodegeneration - multiple diseases,13/210,241/3542,0.6835870580287453,0.8830666007661596,0.7860352752895456,K04515/K07901/K00182/K07874/K00444/K08844/K14381/K10424/K02183/K04131/K04426/K13098/K03068,13,Human Diseases; Neurodegenerative disease
map00410,beta-Alanine metabolism,1/210,19/3542,0.6878624048073243,0.8830666007661596,0.7860352752895456,K18933,1,Metabolism; Metabolism of other amino acids
map04658,Th1 and Th2 cell differentiation,1/210,19/3542,0.6878624048073243,0.8830666007661596,0.7860352752895456,K04448,1,Organismal Systems; Immune system
map04961,Endocrine and other factor-regulated calcium reabsorption,1/210,19/3542,0.6878624048073243,0.8830666007661596,0.7860352752895456,K08049,1,Organismal Systems; Excretory system
map05216,Thyroid cancer,1/210,19/3542,0.6878624048073243,0.8830666007661596,0.7860352752895456,K05126,1,Human Diseases; Cancer: specific types
map05323,Rheumatoid arthritis,1/210,19/3542,0.6878624048073243,0.8830666007661596,0.7860352752895456,K04448,1,Human Diseases; Immune disease
map05170,Human immunodeficiency virus 1 infection,4/210,79/3542,0.6988741040422648,0.8913394317161004,0.7933990878802594,K17834/K04630/K02183/K04448,4,Human Diseases; Infectious disease: viral
map04910,Insulin signaling pathway,3/210,60/3542,0.7005615182610754,0.8913394317161004,0.7933990878802594,K01596/K02183/K04375,3,Organismal Systems; Endocrine system
map04066,HIF-1 signaling pathway,2/210,41/3542,0.7092719009539799,0.8926245936884549,0.7945430363025583,K04515/K09592,2,Environmental Information Processing; Signal transduction
map04070,Phosphatidylinositol signaling system,2/210,41/3542,0.7092719009539799,0.8926245936884549,0.7945430363025583,K01110/K02183,2,Environmental Information Processing; Signal transduction
map03082,ATP-dependent chromatin remodeling,3/210,62/3542,0.7217010556658988,0.8926245936884549,0.7945430363025583,K11251/K11655/K11338,3,Genetic Information Processing; Chromosome
map04666,Fc gamma R-mediated phagocytosis,2/210,42/3542,0.7218271227582963,0.8926245936884549,0.7945430363025583,K12559/K16342,2,Organismal Systems; Immune system
map04664,Fc epsilon RI signaling pathway,1/210,21/3542,0.7239702771971188,0.8926245936884549,0.7945430363025583,K16342,1,Organismal Systems; Immune system
map01240,Biosynthesis of cofactors,5/210,101/3542,0.7253438569604407,0.8926245936884549,0.7945430363025583,K00287/K01432/K18933/K01053/K15734,5,NA
map01200,Carbon metabolism,4/210,82/3542,0.7266277394235844,0.8926245936884549,0.7945430363025583,K14454/K00261/K01053/K00627,4,NA
map04142,Lysosome,4/210,82/3542,0.7266277394235844,0.8926245936884549,0.7945430363025583,K05656/K01373/K24738/K01366,4,Cellular Processes; Transport and catabolism
map00030,Pentose phosphate pathway,1/210,22/3542,0.7404332825332749,0.8978408031069464,0.7991860888228037,K01053,1,Metabolism; Carbohydrate metabolism
map04622,RIG-I-like receptor signaling pathway,1/210,22/3542,0.7404332825332749,0.8978408031069464,0.7991860888228037,K03174,1,Organismal Systems; Immune system
map04662,B cell receptor signaling pathway,1/210,22/3542,0.7404332825332749,0.8978408031069464,0.7991860888228037,K04448,1,Organismal Systems; Immune system
map05014,Amyotrophic lateral sclerosis,10/210,197/3542,0.7434751913446995,0.8978408031069464,0.7991860888228037,K14299/K14301/K07901/K07874/K14381/K10424/K14300/K04426/K13098/K14304,10,Human Diseases; Neurodegenerative disease
map00564,Glycerophospholipid metabolism,2/210,45/3542,0.756784143868592,0.9100568818672942,0.8100598653001586,K16342/K00111,2,Metabolism; Lipid metabolism
map04917,Prolactin signaling pathway,1/210,24/3542,0.7704845976224544,0.9187787042778222,0.8178233341863533,K00512,1,Organismal Systems; Endocrine system
map05221,Acute myeloid leukemia,1/210,24/3542,0.7704845976224544,0.9187787042778222,0.8178233341863533,K10051,1,Human Diseases; Cancer: specific types
map04113,Meiosis - yeast,2/210,47/3542,0.7779355892609163,0.9205760826684674,0.8194232167058194,K04630/K06639,2,Cellular Processes; Cell growth and death
map00983,Drug metabolism - other enzymes,1/210,25/3542,0.784185062232825,0.9205760826684674,0.8194232167058194,K00799,1,Metabolism; Xenobiotics biodegradation and metabolism
map04920,Adipocytokine signaling pathway,1/210,25/3542,0.784185062232825,0.9205760826684674,0.8194232167058194,K01596,1,Organismal Systems; Endocrine system
map05131,Shigellosis,5/210,109/3542,0.7849122389067984,0.9205760826684674,0.8194232167058194,K17834/K14381/K05699/K04448/K12805,5,Human Diseases; Infectious disease: bacterial
map00071,Fatty acid degradation,1/210,26/3542,0.7970713678714679,0.9310054911613457,0.8287066421787049,K08766,1,Metabolism; Lipid metabolism
map04064,NF-kappa B signaling pathway,1/210,27/3542,0.8091916786641278,0.9374781643060016,0.8344680982372905,K03174,1,Environmental Information Processing; Signal transduction
map04330,Notch signaling pathway,1/210,27/3542,0.8091916786641278,0.9374781643060016,0.8344680982372905,K06054,1,Environmental Information Processing; Signal transduction
map04072,Phospholipase D signaling pathway,2/210,51/3542,0.8154691610846152,0.9409259550976329,0.8375370459040796,K08049/K16342,2,Environmental Information Processing; Signal transduction
map00380,Tryptophan metabolism,1/210,29/3542,0.8313129564523657,0.9447392334581574,0.8409313213791909,K01432,1,Metabolism; Amino acid metabolism
map00630,Glyoxylate and dicarboxylate metabolism,1/210,29/3542,0.8313129564523657,0.9447392334581574,0.8409313213791909,K01432,1,Metabolism; Carbohydrate metabolism
map05110,Vibrio cholerae infection,1/210,29/3542,0.8313129564523657,0.9447392334581574,0.8409313213791909,K08049,1,Human Diseases; Infectious disease: bacterial
map04138,Autophagy - yeast,2/210,53/3542,0.8320335003438508,0.9447392334581574,0.8409313213791909,K00654/K20183,2,Cellular Processes; Transport and catabolism
map04723,Retrograde endocannabinoid signaling,2/210,54/3542,0.8398048987152394,0.9472692020875768,0.8431832971490527,K04630/K08049,2,Organismal Systems; Nervous system
map05410,Hypertrophic cardiomyopathy,1/210,30/3542,0.8413967250675103,0.9472692020875768,0.8431832971490527,K10366,1,Human Diseases; Cardiovascular disease
map01230,Biosynthesis of amino acids,2/210,55/3542,0.8472507512313614,0.9472692020875768,0.8431832971490527,K14454/K00548,2,NA
map05208,Chemical carcinogenesis - reactive oxygen species,4/210,99/3542,0.8488088990164511,0.9472692020875768,0.8431832971490527,K01110/K04426/K00799/K04448,4,Human Diseases; Cancer: overview
map04340,Hedgehog signaling pathway,1/210,31/3542,0.850880406085683,0.9472692020875768,0.8431832971490527,K00910,1,Environmental Information Processing; Signal transduction
map03040,Spliceosome,4/210,102/3542,0.864765178640169,0.9516671892313754,0.8470980336279279,K03283/K12871/K13098/K12627,4,Genetic Information Processing; Transcription
map00240,Pyrimidine metabolism,1/210,33/3542,0.8681876112286231,0.9516671892313754,0.8470980336279279,K01081,1,Metabolism; Nucleotide metabolism
map00513,Various types of N-glycan biosynthesis,1/210,33/3542,0.8681876112286231,0.9516671892313754,0.8470980336279279,K09657,1,Metabolism; Glycan biosynthesis and metabolism
map05212,Pancreatic cancer,1/210,33/3542,0.8681876112286231,0.9516671892313754,0.8470980336279279,K06620,1,Human Diseases; Cancer: specific types
map04115,p53 signaling pathway,1/210,34/3542,0.8760760699467733,0.9529835112016427,0.84826971818872,K01110,1,Cellular Processes; Cell growth and death
map05120,Epithelial cell signaling in Helicobacter pylori infection,1/210,34/3542,0.8760760699467733,0.9529835112016427,0.84826971818872,K04448,1,Human Diseases; Infectious disease: bacterial
map04613,Neutrophil extracellular trap formation,1/210,35/3542,0.8834945492259003,0.9573990362333901,0.8522000654930638,K11251,1,Organismal Systems; Immune system
map03410,Base excision repair,1/210,36/3542,0.8904709235237506,0.9576762762425242,0.852446842380234,K10801,1,Genetic Information Processing; Replication and repair
map05220,Chronic myeloid leukemia,1/210,36/3542,0.8904709235237506,0.9576762762425242,0.852446842380234,K06620,1,Human Diseases; Cancer: specific types
map01120,Microbial metabolism in diverse environments,5/210,132/3542,0.9014947774567756,0.963537728123129,0.8576642381446874,K01596/K14454/K00261/K01053/K00627,5,NA
map05210,Colorectal cancer,1/210,38/3542,0.9032007229638906,0.963537728123129,0.8576642381446874,K04448,1,Human Diseases; Cancer: specific types
map00562,Inositol phosphate metabolism,1/210,40/3542,0.9144572506419792,0.963537728123129,0.8576642381446874,K01110,1,Metabolism; Carbohydrate metabolism
map04660,T cell receptor signaling pathway,1/210,40/3542,0.9144572506419792,0.963537728123129,0.8576642381446874,K04448,1,Organismal Systems; Immune system
map04932,Non-alcoholic fatty liver disease,2/210,68/3542,0.9191890931203506,0.963537728123129,0.8576642381446874,K04426/K04448,2,Human Diseases; Endocrine and metabolic disease
map03460,Fanconi anemia pathway,1/210,41/3542,0.9195868843841792,0.963537728123129,0.8576642381446874,K06054,1,Genetic Information Processing; Replication and repair
map04391,Hippo signaling pathway - fly,1/210,41/3542,0.9195868843841792,0.963537728123129,0.8576642381446874,K16685,1,Environmental Information Processing; Signal transduction
map00230,Purine metabolism,2/210,70/3542,0.9269207273585046,0.9676644955940433,0.8613375565583175,K01081/K08049,2,Metabolism; Nucleotide metabolism
map05012,Parkinson disease,5/210,142/3542,0.932007912913184,0.9677813519107441,0.8614415727072552,K04515/K04630/K08844/K02183/K04426,5,Human Diseases; Neurodegenerative disease
map04120,Ubiquitin mediated proteolysis,3/210,97/3542,0.9344162254294339,0.9677813519107441,0.8614415727072552,K07868/K10595/K10593,3,"Genetic Information Processing; Folding, sorting and degradation"
map01232,Nucleotide metabolism,1/210,45/3542,0.9372198355346154,0.9677813519107441,0.8614415727072552,K01081,1,NA
map04145,Phagosome,1/210,53/3542,0.961767514304499,0.9883438067742906,0.8797446257898579,K04659,1,Cellular Processes; Transport and catabolism
map04146,Peroxisome,1/210,54/3542,0.9640686957307114,0.9883438067742906,0.8797446257898579,K00273,1,Cellular Processes; Transport and catabolism
map03015,mRNA surveillance pathway,1/210,56/3542,0.9682656250371199,0.9890885417045848,0.8804075292735177,K13098,1,Genetic Information Processing; Translation
map05010,Alzheimer disease,6/210,189/3542,0.9735390196268667,0.9890917694410509,0.8804104023464203,K00182/K00444/K02183/K04131/K04426/K03068,6,Human Diseases; Neurodegenerative disease
map04111,Cell cycle - yeast,1/210,60/3542,0.9752515479181201,0.9890917694410509,0.8804104023464203,K06639,1,Cellular Processes; Cell growth and death
map05020,Prion disease,3/210,123/3542,0.9805696451277983,0.9890917694410509,0.8804104023464203,K03283/K09048/K05870,3,Human Diseases; Neurodegenerative disease
map04110,Cell cycle,2/210,97/3542,0.9821507745677803,0.9890917694410509,0.8804104023464203,K06639/K06620,2,Cellular Processes; Cell growth and death
map05016,Huntington disease,4/210,160/3542,0.9884207397530902,0.9919010944705308,0.8829110388454217,K09048/K05870/K10424/K04426,4,Human Diseases; Neurodegenerative disease
map05017,Spinocerebellar ataxia,1/210,82/3542,0.9937288005732725,0.9937288005732725,0.8845379166690995,K04426,1,Human Diseases; Neurodegenerative disease
