Plot Title: KBN.8.11.2021,,,,,,,
#,"Date Time, GMT-04:00","Temp, °C (LGR S/N: 20831178, SEN S/N: 20831178)","Intensity, lum/ft² (LGR S/N: 20831178, SEN S/N: 20831178)",Coupler Attached (LGR S/N: 20831178),Host Connected (LGR S/N: 20831178),Stopped (LGR S/N: 20831178),End Of File (LGR S/N: 20831178)
1,8/11/2021 9:00,30.659,272,,,,
2,8/11/2021 11:00,30.862,119,,,,
3,8/11/2021 13:00,31.064,304,,,,
4,8/11/2021 15:00,31.37,480,,,,
5,8/11/2021 17:00,31.268,232,,,,
6,8/11/2021 19:00,31.472,27,,,,
7,8/11/2021 21:00,30.862,0,,,,
8,8/11/2021 23:00,30.76,0,,,,
9,8/12/2021 1:00,30.558,0,,,,
10,8/12/2021 3:00,30.558,0,,,,
11,8/12/2021 5:00,30.457,0,,,,
12,8/12/2021 7:00,30.457,3,,,,
13,8/12/2021 9:00,30.659,77,,,,
14,8/12/2021 11:00,30.76,99,,,,
15,8/12/2021 13:00,30.862,106,,,,
16,8/12/2021 15:00,31.064,480,,,,
17,8/12/2021 17:00,31.064,248,,,,
18,8/12/2021 19:00,30.963,15,,,,
19,8/12/2021 21:00,30.862,0,,,,
20,8/12/2021 23:00,30.76,0,,,,
21,8/13/2021 1:00,30.659,0,,,,
22,8/13/2021 3:00,30.558,0,,,,
23,8/13/2021 5:00,30.356,0,,,,
24,8/13/2021 7:00,30.356,0,,,,
25,8/13/2021 9:00,30.457,45,,,,
26,8/13/2021 11:00,30.862,288,,,,
27,8/13/2021 13:00,30.659,52,,,,
28,8/13/2021 15:00,30.862,122,,,,
29,8/13/2021 17:00,30.862,128,,,,
30,8/13/2021 19:00,30.76,30,,,,
31,8/13/2021 21:00,30.558,0,,,,
32,8/13/2021 23:00,30.457,0,,,,
33,8/14/2021 1:00,30.457,0,,,,
34,8/14/2021 3:00,30.356,0,,,,
35,8/14/2021 5:00,30.255,0,,,,
36,8/14/2021 7:00,30.154,0,,,,
37,8/14/2021 9:00,30.154,176,,,,
38,8/14/2021 11:00,30.154,79,,,,
39,8/14/2021 13:00,30.255,123,,,,
40,8/14/2021 15:00,30.356,200,,,,
41,8/14/2021 17:00,30.255,88,,,,
42,8/14/2021 19:00,30.255,13,,,,
43,8/14/2021 21:00,30.255,0,,,,
44,8/14/2021 23:00,30.154,0,,,,
45,8/15/2021 1:00,30.154,0,,,,
46,8/15/2021 3:00,30.154,0,,,,
47,8/15/2021 5:00,30.054,0,,,,
48,8/15/2021 7:00,29.953,0,,,,
49,8/15/2021 9:00,29.853,20,,,,
50,8/15/2021 11:00,29.752,18,,,,
51,8/15/2021 13:00,29.953,114,,,,
52,8/15/2021 15:00,29.853,105,,,,
53,8/15/2021 17:00,29.652,85,,,,
54,8/15/2021 19:00,29.752,9,,,,
55,8/15/2021 21:00,29.652,0,,,,
56,8/15/2021 23:00,29.652,0,,,,
57,8/16/2021 1:00,29.752,0,,,,
58,8/16/2021 3:00,29.652,0,,,,
59,8/16/2021 5:00,29.552,0,,,,
60,8/16/2021 7:00,29.552,2,,,,
61,8/16/2021 9:00,29.652,108,,,,
62,8/16/2021 11:00,29.853,608,,,,
63,8/16/2021 13:00,30.054,432,,,,
64,8/16/2021 15:00,30.154,232,,,,
65,8/16/2021 17:00,30.255,136,,,,
66,8/16/2021 19:00,30.054,40,,,,
67,8/16/2021 21:00,29.953,0,,,,
68,8/16/2021 23:00,30.054,0,,,,
69,8/17/2021 1:00,29.953,0,,,,
70,8/17/2021 3:00,30.054,0,,,,
71,8/17/2021 5:00,29.752,0,,,,
72,8/17/2021 7:00,29.853,3,,,,
73,8/17/2021 9:00,30.255,272,,,,
74,8/17/2021 11:00,30.558,512,,,,
75,8/17/2021 13:00,30.659,416,,,,
76,8/17/2021 15:00,30.558,160,,,,
77,8/17/2021 17:00,30.558,123,,,,
78,8/17/2021 19:00,30.255,34,,,,
79,8/17/2021 21:00,30.154,0,,,,
80,8/17/2021 23:00,30.154,0,,,,
81,8/18/2021 1:00,30.154,0,,,,
82,8/18/2021 3:00,30.154,0,,,,
83,8/18/2021 5:00,30.154,0,,,,
84,8/18/2021 7:00,30.054,5,,,,
85,8/18/2021 9:00,30.356,288,,,,
86,8/18/2021 11:00,30.457,168,,,,
87,8/18/2021 13:00,30.76,480,,,,
88,8/18/2021 15:00,30.76,208,,,,
89,8/18/2021 17:00,30.659,55,,,,
90,8/18/2021 19:00,30.356,35,,,,
91,8/18/2021 21:00,30.255,0,,,,
92,8/18/2021 23:00,30.255,0,,,,
93,8/19/2021 1:00,30.154,0,,,,
94,8/19/2021 3:00,30.154,0,,,,
95,8/19/2021 5:00,30.154,0,,,,
96,8/19/2021 7:00,30.054,2,,,,
97,8/19/2021 9:00,30.356,288,,,,
98,8/19/2021 11:00,30.659,512,,,,
99,8/19/2021 13:00,30.862,480,,,,
100,8/19/2021 15:00,30.862,216,,,,
101,8/19/2021 17:00,30.457,176,,,,
102,8/19/2021 19:00,30.154,128,,,,
103,8/19/2021 21:00,30.054,0,,,,
104,8/19/2021 23:00,30.356,0,,,,
105,8/20/2021 1:00,30.154,0,,,,
106,8/20/2021 3:00,30.255,0,,,,
107,8/20/2021 5:00,30.154,0,,,,
108,8/20/2021 7:00,30.154,2,,,,
109,8/20/2021 9:00,30.356,68,,,,
110,8/20/2021 11:00,30.659,136,,,,
111,8/20/2021 13:00,30.862,256,,,,
112,8/20/2021 15:00,31.064,416,,,,
113,8/20/2021 17:00,31.064,84,,,,
114,8/20/2021 19:00,30.659,29,,,,
115,8/20/2021 21:00,30.356,0,,,,
116,8/20/2021 23:00,30.457,0,,,,
117,8/21/2021 1:00,30.356,0,,,,
118,8/21/2021 3:00,30.356,0,,,,
119,8/21/2021 5:00,30.255,0,,,,
120,8/21/2021 7:00,30.457,1,,,,
121,8/21/2021 9:00,30.457,208,,,,
122,8/21/2021 11:00,30.76,464,,,,
123,8/21/2021 13:00,30.862,384,,,,
124,8/21/2021 15:00,31.064,176,,,,
125,8/21/2021 17:00,31.064,85,,,,
126,8/21/2021 19:00,30.76,23,,,,
127,8/21/2021 21:00,30.457,0,,,,
128,8/21/2021 23:00,30.356,0,,,,
129,8/22/2021 1:00,30.356,0,,,,
130,8/22/2021 3:00,30.558,0,,,,
131,8/22/2021 5:00,30.76,0,,,,
132,8/22/2021 7:00,30.558,2,,,,
133,8/22/2021 9:00,30.659,224,,,,
134,8/22/2021 11:00,30.76,368,,,,
135,8/22/2021 13:00,30.963,160,,,,
136,8/22/2021 15:00,31.166,448,,,,
137,8/22/2021 17:00,31.472,81,,,,
138,8/22/2021 19:00,30.862,44,,,,
139,8/22/2021 21:00,30.963,0,,,,
140,8/22/2021 23:00,30.862,0,,,,
141,8/23/2021 1:00,30.76,0,,,,
142,8/23/2021 3:00,31.064,0,,,,
143,8/23/2021 5:00,31.166,0,,,,
144,8/23/2021 7:00,30.963,2,,,,
145,8/23/2021 9:00,30.862,168,,,,
146,8/23/2021 11:00,31.064,352,,,,
147,8/23/2021 13:00,31.064,352,,,,
148,8/23/2021 15:00,31.064,160,,,,
149,8/23/2021 17:00,31.472,90,,,,
150,8/23/2021 19:00,31.472,5,,,,
151,8/23/2021 21:00,30.457,0,,,,
152,8/23/2021 23:00,30.457,0,,,,
153,8/24/2021 1:00,30.356,0,,,,
154,8/24/2021 3:00,30.76,0,,,,
155,8/24/2021 5:00,30.659,0,,,,
156,8/24/2021 7:00,30.356,1,,,,
157,8/24/2021 9:00,30.457,62,,,,
158,8/24/2021 11:00,30.76,304,,,,
159,8/24/2021 13:00,30.862,272,,,,
160,8/24/2021 15:00,30.963,74,,,,
161,8/24/2021 17:00,31.166,87,,,,
162,8/24/2021 19:00,31.064,21,,,,
163,8/24/2021 21:00,31.166,0,,,,
164,8/24/2021 23:00,30.659,0,,,,
165,8/25/2021 1:00,30.356,0,,,,
166,8/25/2021 3:00,30.558,0,,,,
167,8/25/2021 5:00,30.862,0,,,,
168,8/25/2021 7:00,30.862,0,,,,
169,8/25/2021 9:00,30.558,100,,,,
170,8/25/2021 11:00,30.457,272,,,,
171,8/25/2021 13:00,30.558,152,,,,
172,8/25/2021 15:00,30.659,232,,,,
173,8/25/2021 17:00,30.457,32,,,,
174,8/25/2021 19:00,30.356,12,,,,
175,8/25/2021 21:00,30.255,0,,,,
176,8/25/2021 23:00,29.953,0,,,,
177,8/26/2021 1:00,29.953,0,,,,
178,8/26/2021 3:00,29.853,0,,,,
179,8/26/2021 5:00,30.154,0,,,,
180,8/26/2021 7:00,30.356,0,,,,
181,8/26/2021 9:00,30.356,27,,,,
182,8/26/2021 11:00,30.154,272,,,,
183,8/26/2021 13:00,30.457,400,,,,
184,8/26/2021 15:00,30.558,256,,,,
185,8/26/2021 17:00,30.659,128,,,,
186,8/26/2021 19:00,30.558,21,,,,
187,8/26/2021 21:00,30.558,0,,,,
188,8/26/2021 23:00,30.255,0,,,,
189,8/27/2021 1:00,29.953,0,,,,
190,8/27/2021 3:00,29.853,0,,,,
191,8/27/2021 5:00,30.054,0,,,,
192,8/27/2021 7:00,30.154,0,,,,
193,8/27/2021 9:00,30.255,29,,,,
194,8/27/2021 11:00,30.255,480,,,,
195,8/27/2021 13:00,30.255,232,,,,
196,8/27/2021 15:00,30.356,240,,,,
197,8/27/2021 17:00,30.255,111,,,,
198,8/27/2021 19:00,30.154,11,,,,
199,8/27/2021 21:00,30.154,0,,,,
200,8/27/2021 23:00,29.953,0,,,,
201,8/28/2021 1:00,29.953,0,,,,
202,8/28/2021 3:00,29.752,0,,,,
203,8/28/2021 5:00,29.853,0,,,,
204,8/28/2021 7:00,29.853,0,,,,
205,8/28/2021 9:00,29.853,87,,,,
206,8/28/2021 11:00,30.154,192,,,,
207,8/28/2021 13:00,30.457,336,,,,
208,8/28/2021 15:00,30.356,240,,,,
209,8/28/2021 17:00,30.154,108,,,,
210,8/28/2021 19:00,30.154,31,,,,
211,8/28/2021 21:00,30.054,0,,,,
212,8/28/2021 23:00,29.953,0,,,,
213,8/29/2021 1:00,29.853,0,,,,
214,8/29/2021 3:00,29.752,0,,,,
215,8/29/2021 5:00,29.752,0,,,,
216,8/29/2021 7:00,29.853,2,,,,
217,8/29/2021 9:00,30.154,368,,,,
218,8/29/2021 11:00,30.457,608,,,,
219,8/29/2021 13:00,30.457,320,,,,
220,8/29/2021 15:00,30.457,232,,,,
221,8/29/2021 17:00,30.356,144,,,,
222,8/29/2021 19:00,30.054,17,,,,
223,8/29/2021 21:00,30.154,0,,,,
224,8/29/2021 23:00,30.154,0,,,,
225,8/30/2021 1:00,29.953,0,,,,
226,8/30/2021 3:00,29.953,0,,,,
227,8/30/2021 5:00,29.853,0,,,,
228,8/30/2021 7:00,29.853,3,,,,
229,8/30/2021 9:00,30.255,272,,,,
230,8/30/2021 11:00,30.457,576,,,,
231,8/30/2021 13:00,30.558,320,,,,
232,8/30/2021 15:00,30.659,184,,,,
233,8/30/2021 17:00,30.659,96,,,,
234,8/30/2021 19:00,30.356,15,,,,
235,8/30/2021 21:00,30.255,0,,,,
236,8/30/2021 23:00,30.457,0,,,,
237,8/31/2021 1:00,30.558,0,,,,
238,8/31/2021 3:00,30.558,0,,,,
239,8/31/2021 5:00,30.558,0,,,,
240,8/31/2021 7:00,30.457,0,,,,
241,8/31/2021 9:00,30.558,41,,,,
242,8/31/2021 11:00,30.76,123,,,,
243,8/31/2021 13:00,30.76,136,,,,
244,8/31/2021 15:00,30.862,168,,,,
245,8/31/2021 17:00,30.659,168,,,,
246,8/31/2021 19:00,30.558,2,,,,
247,8/31/2021 21:00,30.255,0,,,,
248,8/31/2021 23:00,30.255,0,,,,
249,9/1/2021 1:00,30.558,0,,,,
250,9/1/2021 3:00,30.659,0,,,,
251,9/1/2021 5:00,30.558,0,,,,
252,9/1/2021 7:00,30.558,0,,,,
253,9/1/2021 9:00,30.659,45,,,,
254,9/1/2021 11:00,30.558,85,,,,
255,9/1/2021 13:00,30.659,101,,,,
256,9/1/2021 15:00,30.76,128,,,,
257,9/1/2021 17:00,30.558,84,,,,
258,9/1/2021 19:00,30.356,8,,,,
259,9/1/2021 21:00,30.457,0,,,,
260,9/1/2021 23:00,30.558,0,,,,
261,9/2/2021 1:00,30.457,0,,,,
262,9/2/2021 3:00,30.558,0,,,,
263,9/2/2021 5:00,30.558,0,,,,
264,9/2/2021 7:00,30.558,0,,,,
265,9/2/2021 9:00,30.76,78,,,,
266,9/2/2021 11:00,30.76,72,,,,
267,9/2/2021 13:00,30.862,168,,,,
268,9/2/2021 15:00,30.76,14,,,,
269,9/2/2021 17:00,30.356,31,,,,
270,9/2/2021 19:00,30.154,1,,,,
271,9/2/2021 21:00,30.356,0,,,,
272,9/2/2021 23:00,30.457,0,,,,
273,9/3/2021 1:00,30.457,0,,,,
274,9/3/2021 3:00,30.457,0,,,,
275,9/3/2021 5:00,30.457,0,,,,
276,9/3/2021 7:00,30.356,0,,,,
277,9/3/2021 9:00,30.356,84,,,,
278,9/3/2021 11:00,30.659,66,,,,
279,9/3/2021 13:00,30.862,40,,,,
280,9/3/2021 15:00,30.76,17,,,,
281,9/3/2021 17:00,30.76,45,,,,
282,9/3/2021 19:00,30.558,10,,,,
283,9/3/2021 21:00,30.457,0,,,,
284,9/3/2021 23:00,30.558,0,,,,
285,9/4/2021 1:00,30.457,0,,,,
286,9/4/2021 3:00,30.154,0,,,,
287,9/4/2021 5:00,30.054,0,,,,
288,9/4/2021 7:00,29.752,0,,,,
289,9/4/2021 9:00,29.853,200,,,,
290,9/4/2021 11:00,30.154,352,,,,
291,9/4/2021 13:00,30.457,200,,,,
292,9/4/2021 15:00,30.356,36,,,,
293,9/4/2021 17:00,29.953,54,,,,
294,9/4/2021 19:00,29.853,14,,,,
295,9/4/2021 21:00,29.752,0,,,,
296,9/4/2021 23:00,29.652,0,,,,
297,9/5/2021 1:00,29.953,0,,,,
298,9/5/2021 3:00,30.154,0,,,,
299,9/5/2021 5:00,29.853,0,,,,
300,9/5/2021 7:00,29.752,1,,,,
301,9/5/2021 9:00,29.953,480,,,,
302,9/5/2021 11:00,30.054,272,,,,
303,9/5/2021 13:00,30.356,432,,,,
304,9/5/2021 15:00,30.558,136,,,,
305,9/5/2021 17:00,30.457,144,,,,
306,9/5/2021 19:00,30.054,10,,,,
307,9/5/2021 21:00,30.054,0,,,,
308,9/5/2021 23:00,29.853,0,,,,
309,9/6/2021 1:00,29.853,0,,,,
310,9/6/2021 3:00,30.054,0,,,,
311,9/6/2021 5:00,30.054,0,,,,
312,9/6/2021 7:00,29.953,0,,,,
313,9/6/2021 9:00,30.054,320,,,,
314,9/6/2021 11:00,30.255,800,,,,
315,9/6/2021 13:00,30.356,400,,,,
316,9/6/2021 15:00,30.659,136,,,,
317,9/6/2021 17:00,30.659,95,,,,
318,9/6/2021 19:00,30.154,3,,,,
319,9/6/2021 21:00,29.953,0,,,,
320,9/6/2021 23:00,29.953,0,,,,
321,9/7/2021 1:00,29.953,0,,,,
322,9/7/2021 3:00,29.853,0,,,,
323,9/7/2021 5:00,30.054,0,,,,
324,9/7/2021 7:00,29.953,0,,,,
325,9/7/2021 9:00,30.054,400,,,,
326,9/7/2021 11:00,30.457,576,,,,
327,9/7/2021 13:00,30.558,496,,,,
328,9/7/2021 15:00,30.457,96,,,,
329,9/7/2021 17:00,30.558,57,,,,
330,9/7/2021 19:00,30.255,4,,,,
331,9/7/2021 21:00,30.255,0,,,,
332,9/7/2021 23:00,30.255,0,,,,
333,9/8/2021 1:00,30.255,0,,,,
334,9/8/2021 3:00,30.255,0,,,,
335,9/8/2021 5:00,30.255,0,,,,
336,9/8/2021 7:00,30.255,0,,,,
337,9/8/2021 9:00,30.659,400,,,,
338,9/8/2021 11:00,30.862,704,,,,
339,9/8/2021 13:00,30.963,384,,,,
340,9/8/2021 15:00,30.76,144,,,,
341,9/8/2021 17:00,30.659,66,,,,
342,9/8/2021 19:00,30.659,11,,,,
343,9/8/2021 21:00,30.558,0,,,,
344,9/8/2021 23:00,30.558,0,,,,
345,9/9/2021 1:00,30.457,0,,,,
346,9/9/2021 3:00,30.457,0,,,,
347,9/9/2021 5:00,30.558,0,,,,
348,9/9/2021 7:00,30.457,0,,,,
349,9/9/2021 9:00,30.457,80,,,,
350,9/9/2021 11:00,30.862,480,,,,
351,9/9/2021 13:00,31.064,384,,,,
352,9/9/2021 15:00,31.166,464,,,,
353,9/9/2021 17:00,31.064,80,,,,
354,9/9/2021 19:00,30.76,10,,,,
355,9/9/2021 21:00,30.76,0,,,,
356,9/9/2021 23:00,30.558,0,,,,
357,9/10/2021 1:00,30.558,0,,,,
358,9/10/2021 3:00,30.659,0,,,,
359,9/10/2021 5:00,30.76,0,,,,
360,9/10/2021 7:00,30.76,0,,,,
361,9/10/2021 9:00,30.76,136,,,,
362,9/10/2021 11:00,30.862,152,,,,
363,9/10/2021 13:00,31.064,320,,,,
364,9/10/2021 15:00,31.064,109,,,,
365,9/10/2021 17:00,31.166,416,,,,
366,9/10/2021 19:00,31.064,12,,,,
367,9/10/2021 21:00,30.862,0,,,,
368,9/10/2021 23:00,30.76,0,,,,
369,9/11/2021 1:00,30.76,0,,,,
370,9/11/2021 3:00,30.659,0,,,,
371,9/11/2021 5:00,30.659,0,,,,
372,9/11/2021 7:00,30.76,0,,,,
373,9/11/2021 9:00,30.76,40,,,,
374,9/11/2021 11:00,30.862,84,,,,
375,9/11/2021 13:00,30.862,115,,,,
376,9/11/2021 15:00,31.166,336,,,,
377,9/11/2021 17:00,31.064,84,,,,
378,9/11/2021 19:00,31.064,13,,,,
379,9/11/2021 21:00,30.963,0,,,,
380,9/11/2021 23:00,30.862,0,,,,
381,9/12/2021 1:00,30.76,0,,,,
382,9/12/2021 3:00,30.76,0,,,,
383,9/12/2021 5:00,30.659,0,,,,
384,9/12/2021 7:00,30.558,0,,,,
385,9/12/2021 9:00,30.76,69,,,,
386,9/12/2021 11:00,30.862,99,,,,
387,9/12/2021 13:00,30.76,128,,,,
388,9/12/2021 15:00,30.76,160,,,,
389,9/12/2021 17:00,30.963,200,,,,
390,9/12/2021 19:00,30.76,3,,,,
391,9/12/2021 21:00,30.659,0,,,,
392,9/12/2021 23:00,30.659,0,,,,
393,9/13/2021 1:00,30.558,0,,,,
394,9/13/2021 3:00,30.457,0,,,,
395,9/13/2021 5:00,30.457,0,,,,
396,9/13/2021 7:00,30.356,0,,,,
397,9/13/2021 9:00,30.356,23,,,,
398,9/13/2021 11:00,30.356,87,,,,
399,9/13/2021 13:00,30.558,160,,,,
400,9/13/2021 15:00,30.457,82,,,,
401,9/13/2021 17:00,30.356,21,,,,
402,9/13/2021 19:00,30.356,6,,,,
403,9/13/2021 21:00,30.356,0,,,,
404,9/13/2021 23:00,30.255,0,,,,
405,9/14/2021 1:00,30.255,0,,,,
406,9/14/2021 3:00,30.255,0,,,,
407,9/14/2021 5:00,30.154,0,,,,
408,9/14/2021 7:00,30.054,0,,,,
409,9/14/2021 9:00,30.255,42,,,,
410,9/14/2021 11:00,30.356,82,,,,
411,9/14/2021 13:00,30.457,104,,,,
412,9/14/2021 15:00,30.558,216,,,,
413,9/14/2021 17:00,30.659,384,,,,
414,9/14/2021 19:00,30.457,9,,,,
415,9/14/2021 21:00,30.457,0,,,,
416,9/14/2021 23:00,30.356,0,,,,
417,9/15/2021 1:00,30.356,0,,,,
418,9/15/2021 3:00,30.356,0,,,,
419,9/15/2021 5:00,30.255,0,,,,
420,9/15/2021 7:00,30.154,0,,,,
421,9/15/2021 9:00,30.255,152,,,,
422,9/15/2021 11:00,30.457,71,,,,
423,9/15/2021 13:00,30.659,94,,,,
424,9/15/2021 15:00,30.659,73,,,,
425,9/15/2021 17:00,30.457,67,,,,
426,9/15/2021 19:00,30.255,3,,,,
427,9/15/2021 21:00,30.457,0,,,,
428,9/15/2021 23:00,30.558,0,,,,
429,9/16/2021 1:00,30.558,0,,,,
430,9/16/2021 3:00,30.356,0,,,,
431,9/16/2021 5:00,30.356,0,,,,
432,9/16/2021 7:00,30.255,0,,,,
433,9/16/2021 9:00,30.457,35,,,,
434,9/16/2021 11:00,30.659,104,,,,
435,9/16/2021 13:00,30.558,87,,,,
436,9/16/2021 15:00,30.862,94,,,,
437,9/16/2021 17:00,30.659,39,,,,
438,9/16/2021 19:00,30.255,6,,,,
439,9/16/2021 21:00,30.356,0,,,,
440,9/16/2021 23:00,30.356,0,,,,
441,9/17/2021 1:00,30.356,0,,,,
442,9/17/2021 3:00,30.457,0,,,,
443,9/17/2021 5:00,30.356,0,,,,
444,9/17/2021 7:00,30.154,0,,,,
445,9/17/2021 9:00,30.154,34,,,,
446,9/17/2021 11:00,30.457,80,,,,
447,9/17/2021 13:00,30.659,200,,,,
448,9/17/2021 15:00,30.558,75,,,,
449,9/17/2021 17:00,30.255,18,,,,
450,9/17/2021 19:00,30.154,1,,,,
451,9/17/2021 21:00,30.154,0,,,,
452,9/17/2021 23:00,30.154,0,,,,
453,9/18/2021 1:00,30.154,0,,,,
454,9/18/2021 3:00,30.154,0,,,,
455,9/18/2021 5:00,30.054,0,,,,
456,9/18/2021 7:00,30.054,0,,,,
457,9/18/2021 9:00,30.356,144,,,,
458,9/18/2021 11:00,30.457,400,,,,
459,9/18/2021 13:00,30.457,320,,,,
460,9/18/2021 15:00,30.457,54,,,,
461,9/18/2021 17:00,30.457,16,,,,
462,9/18/2021 19:00,30.154,1,,,,
463,9/18/2021 21:00,30.154,0,,,,
464,9/18/2021 23:00,30.154,0,,,,
465,9/19/2021 1:00,30.356,0,,,,
466,9/19/2021 3:00,30.558,0,,,,
467,9/19/2021 5:00,30.558,0,,,,
468,9/19/2021 7:00,30.457,0,,,,
469,9/19/2021 9:00,30.457,192,,,,
470,9/19/2021 11:00,30.659,53,,,,
471,9/19/2021 13:00,30.659,192,,,,
472,9/19/2021 15:00,30.558,67,,,,
473,9/19/2021 17:00,30.659,13,,,,
474,9/19/2021 19:00,30.154,2,,,,
475,9/19/2021 21:00,29.953,0,,,,
476,9/19/2021 23:00,29.953,0,,,,
477,9/20/2021 1:00,29.953,0,,,,
478,9/20/2021 3:00,30.558,0,,,,
479,9/20/2021 5:00,30.558,0,,,,
480,9/20/2021 7:00,29.953,0,,,,
481,9/20/2021 9:00,29.752,31,,,,
482,9/20/2021 11:00,29.953,480,,,,
483,9/20/2021 13:00,30.255,576,,,,
484,9/20/2021 15:00,30.558,176,,,,
485,9/20/2021 17:00,30.659,57,,,,
486,9/20/2021 19:00,29.953,5,,,,
487,9/20/2021 21:00,29.853,0,,,,
488,9/20/2021 23:00,29.853,0,,,,
489,9/21/2021 1:00,29.853,0,,,,
490,9/21/2021 3:00,30.154,0,,,,
491,9/21/2021 5:00,30.356,0,,,,
492,9/21/2021 7:00,29.853,0,,,,
493,9/21/2021 9:00,29.652,20,,,,
494,9/21/2021 11:00,29.652,88,,,,
495,9/21/2021 13:00,29.652,70,,,,
496,9/21/2021 15:00,30.054,104,,,,
497,9/21/2021 17:00,29.953,52,,,,
498,9/21/2021 19:00,29.752,0,,,,
499,9/21/2021 21:00,29.652,0,,,,
500,9/21/2021 23:00,29.652,0,,,,
501,9/22/2021 1:00,29.552,0,,,,
502,9/22/2021 3:00,29.552,0,,,,
503,9/22/2021 5:00,29.652,0,,,,
504,9/22/2021 7:00,29.652,0,,,,
505,9/22/2021 9:00,29.552,31,,,,
506,9/22/2021 11:00,29.652,224,,,,
507,9/22/2021 13:00,29.953,512,,,,
508,9/22/2021 15:00,30.054,152,,,,
509,9/22/2021 17:00,29.853,15,,,,
510,9/22/2021 19:00,29.752,0,,,,
511,9/22/2021 21:00,29.652,0,,,,
512,9/22/2021 23:00,29.652,0,,,,
513,9/23/2021 1:00,29.552,0,,,,
514,9/23/2021 3:00,29.552,0,,,,
515,9/23/2021 5:00,29.552,0,,,,
516,9/23/2021 7:00,29.552,0,,,,
517,9/23/2021 9:00,29.652,53,,,,
518,9/23/2021 11:00,29.853,448,,,,
519,9/23/2021 13:00,29.953,100,,,,
520,9/23/2021 15:00,30.154,672,,,,
521,9/23/2021 17:00,30.054,59,,,,
522,9/23/2021 19:00,29.953,2,,,,
523,9/23/2021 21:00,29.853,0,,,,
524,9/23/2021 23:00,29.752,0,,,,
525,9/24/2021 1:00,29.752,0,,,,
526,9/24/2021 3:00,29.853,0,,,,
527,9/24/2021 5:00,29.853,0,,,,
528,9/24/2021 7:00,29.853,0,,,,
529,9/24/2021 9:00,29.853,56,,,,
530,9/24/2021 11:00,29.953,66,,,,
531,9/24/2021 13:00,30.054,240,,,,
532,9/24/2021 15:00,29.953,35,,,,
533,9/24/2021 17:00,30.054,49,,,,
534,9/24/2021 19:00,30.154,2,,,,
535,9/24/2021 21:00,30.054,0,,,,
536,9/24/2021 23:00,30.054,0,,,,
537,9/25/2021 1:00,29.853,0,,,,
538,9/25/2021 3:00,29.953,0,,,,
539,9/25/2021 5:00,29.953,0,,,,
540,9/25/2021 7:00,30.054,0,,,,
541,9/25/2021 9:00,30.054,208,,,,
542,9/25/2021 11:00,30.054,72,,,,
543,9/25/2021 13:00,30.255,336,,,,
544,9/25/2021 15:00,30.356,288,,,,
545,9/25/2021 17:00,30.255,5,,,,
546,9/25/2021 19:00,30.154,0,,,,
547,9/25/2021 21:00,30.054,0,,,,
548,9/25/2021 23:00,29.953,0,,,,
549,9/26/2021 1:00,29.953,0,,,,
550,9/26/2021 3:00,29.853,0,,,,
551,9/26/2021 5:00,29.752,0,,,,
552,9/26/2021 7:00,29.752,0,,,,
553,9/26/2021 9:00,29.853,88,,,,
554,9/26/2021 11:00,29.953,75,,,,
555,9/26/2021 13:00,30.154,200,,,,
556,9/26/2021 15:00,30.154,136,,,,
557,9/26/2021 17:00,30.154,576,,,,
558,9/26/2021 19:00,29.853,6,,,,
559,9/26/2021 21:00,29.752,0,,,,
560,9/26/2021 23:00,29.752,0,,,,
561,9/27/2021 1:00,29.652,0,,,,
562,9/27/2021 3:00,29.652,0,,,,
563,9/27/2021 5:00,29.452,0,,,,
564,9/27/2021 7:00,29.352,0,,,,
565,9/27/2021 9:00,29.452,152,,,,
566,9/27/2021 11:00,29.552,110,,,,
567,9/27/2021 13:00,29.853,98,,,,
568,9/27/2021 15:00,29.953,304,,,,
569,9/27/2021 17:00,29.853,288,,,,
570,9/27/2021 19:00,29.552,2,,,,
571,9/27/2021 21:00,29.552,0,,,,
572,9/27/2021 23:00,29.452,0,,,,
573,9/28/2021 1:00,29.452,0,,,,
574,9/28/2021 3:00,29.452,0,,,,
575,9/28/2021 5:00,29.452,0,,,,
576,9/28/2021 7:00,29.552,0,,,,
577,9/28/2021 9:00,29.652,35,,,,
578,9/28/2021 11:00,29.853,58,,,,
579,9/28/2021 13:00,29.853,144,,,,
580,9/28/2021 15:00,29.953,232,,,,
581,9/28/2021 17:00,29.953,448,,,,
582,9/28/2021 19:00,29.853,7,,,,
583,9/28/2021 21:00,29.752,0,,,,
584,9/28/2021 23:00,29.652,0,,,,
585,9/29/2021 1:00,29.652,0,,,,
586,9/29/2021 3:00,29.552,0,,,,
587,9/29/2021 5:00,29.552,0,,,,
588,9/29/2021 7:00,29.452,0,,,,
589,9/29/2021 9:00,29.552,109,,,,
590,9/29/2021 11:00,29.853,864,,,,
591,9/29/2021 13:00,29.752,672,,,,
592,9/29/2021 15:00,29.853,192,,,,
593,9/29/2021 17:00,29.953,448,,,,
594,9/29/2021 19:00,29.752,5,,,,
595,9/29/2021 21:00,29.652,0,,,,
596,9/29/2021 23:00,29.652,0,,,,
597,9/30/2021 1:00,29.552,0,,,,
598,9/30/2021 3:00,29.452,0,,,,
599,9/30/2021 5:00,29.452,0,,,,
600,9/30/2021 7:00,29.352,0,,,,
601,9/30/2021 9:00,29.252,73,,,,
602,9/30/2021 11:00,29.452,704,,,,
603,9/30/2021 13:00,29.452,224,,,,
604,9/30/2021 15:00,29.652,85,,,,
605,9/30/2021 17:00,29.853,384,,,,
606,9/30/2021 19:00,29.552,5,,,,
607,9/30/2021 21:00,29.452,0,,,,
608,9/30/2021 23:00,29.352,0,,,,
609,10/1/2021 1:00,29.252,0,,,,
610,10/1/2021 3:00,29.252,0,,,,
611,10/1/2021 5:00,29.152,0,,,,
612,10/1/2021 7:00,29.152,0,,,,
613,10/1/2021 9:00,29.053,21,,,,
614,10/1/2021 11:00,29.053,61,,,,
615,10/1/2021 13:00,29.152,105,,,,
616,10/1/2021 15:00,28.953,9,,,,
617,10/1/2021 17:00,29.053,26,,,,
618,10/1/2021 19:00,29.152,2,,,,
619,10/1/2021 21:00,29.053,0,,,,
620,10/1/2021 23:00,28.953,0,,,,
621,10/2/2021 1:00,28.754,0,,,,
622,10/2/2021 3:00,28.754,0,,,,
623,10/2/2021 5:00,28.655,0,,,,
624,10/2/2021 7:00,28.655,0,,,,
625,10/2/2021 9:00,28.555,43,,,,
626,10/2/2021 11:00,28.555,94,,,,
627,10/2/2021 13:00,28.754,136,,,,
628,10/2/2021 15:00,28.754,79,,,,
629,10/2/2021 17:00,28.754,68,,,,
630,10/2/2021 19:00,28.655,1,,,,
631,10/2/2021 21:00,28.655,0,,,,
632,10/2/2021 23:00,28.456,0,,,,
633,10/3/2021 1:00,28.357,0,,,,
634,10/3/2021 3:00,28.357,0,,,,
635,10/3/2021 5:00,28.258,0,,,,
636,10/3/2021 7:00,28.06,0,,,,
637,10/3/2021 9:00,28.357,54,,,,
638,10/3/2021 11:00,27.961,168,,,,
639,10/3/2021 13:00,27.665,13,,,,
640,10/3/2021 15:00,27.961,32,,,,
641,10/3/2021 17:00,28.953,42,,,,
642,10/3/2021 19:00,29.252,1,,,,
643,10/3/2021 21:00,29.252,0,,,,
644,10/3/2021 23:00,29.053,0,,,,
645,10/4/2021 1:00,28.357,0,,,,
646,10/4/2021 3:00,28.456,0,,,,
647,10/4/2021 5:00,28.853,0,,,,
648,10/4/2021 7:00,29.152,0,,,,
649,10/4/2021 9:00,29.352,336,,,,
650,10/4/2021 11:00,29.452,432,,,,
651,10/4/2021 13:00,29.252,320,,,,
652,10/4/2021 15:00,29.152,60,,,,
653,10/4/2021 17:00,29.352,57,,,,
654,10/4/2021 19:00,29.352,1,,,,
655,10/4/2021 21:00,29.352,0,,,,
656,10/4/2021 23:00,29.252,0,,,,
657,10/5/2021 1:00,29.152,0,,,,
658,10/5/2021 3:00,29.152,0,,,,
659,10/5/2021 5:00,29.152,0,,,,
660,10/5/2021 7:00,29.252,0,,,,
661,10/5/2021 9:00,29.452,304,,,,
662,10/5/2021 11:00,29.652,608,,,,
663,10/5/2021 13:00,29.752,288,,,,
664,10/5/2021 15:00,29.853,105,,,,
665,10/5/2021 17:00,29.853,56,,,,
666,10/5/2021 19:00,29.352,2,,,,
667,10/5/2021 21:00,29.352,0,,,,
668,10/5/2021 23:00,29.352,0,,,,
669,10/6/2021 1:00,29.252,0,,,,
670,10/6/2021 3:00,29.252,0,,,,
671,10/6/2021 5:00,29.252,0,,,,
672,10/6/2021 7:00,29.252,0,,,,
673,10/6/2021 9:00,29.352,232,,,,
674,10/6/2021 11:00,29.652,704,,,,
675,10/6/2021 13:00,29.853,400,,,,
676,10/6/2021 15:00,29.853,168,,,,
677,10/6/2021 17:00,29.752,69,,,,
678,10/6/2021 19:00,29.552,1,,,,
679,10/6/2021 21:00,29.452,0,,,,
680,10/6/2021 23:00,29.452,0,,,,
681,10/7/2021 1:00,29.352,0,,,,
682,10/7/2021 3:00,29.352,0,,,,
683,10/7/2021 5:00,29.352,0,,,,
684,10/7/2021 7:00,29.252,0,,,,
685,10/7/2021 9:00,29.352,108,,,,
686,10/7/2021 11:00,29.652,119,,,,
687,10/7/2021 13:00,29.752,352,,,,
688,10/7/2021 15:00,29.953,768,,,,
689,10/7/2021 17:00,29.752,55,,,,
690,10/7/2021 19:00,29.652,2,,,,
691,10/7/2021 21:00,29.552,0,,,,
692,10/7/2021 23:00,29.452,0,,,,
693,10/8/2021 1:00,29.452,0,,,,
694,10/8/2021 3:00,29.352,0,,,,
695,10/8/2021 5:00,29.352,0,,,,
696,10/8/2021 7:00,29.352,0,,,,
697,10/8/2021 9:00,29.452,57,,,,
698,10/8/2021 11:00,29.652,184,,,,
699,10/8/2021 13:00,29.853,368,,,,
700,10/8/2021 15:00,29.853,224,,,,
701,10/8/2021 17:00,29.853,122,,,,
702,10/8/2021 19:00,29.652,0,,,,
703,10/8/2021 21:00,29.452,0,,,,
704,10/8/2021 23:00,29.452,0,,,,
705,10/9/2021 1:00,29.452,0,,,,
706,10/9/2021 3:00,29.452,0,,,,
707,10/9/2021 5:00,29.452,0,,,,
708,10/9/2021 7:00,29.352,0,,,,
709,10/9/2021 9:00,29.452,54,,,,
710,10/9/2021 11:00,29.452,112,,,,
711,10/9/2021 13:00,29.752,136,,,,
712,10/9/2021 15:00,29.552,49,,,,
713,10/9/2021 17:00,29.552,3,,,,
714,10/9/2021 19:00,29.352,0,,,,
715,10/9/2021 21:00,29.352,0,,,,
716,10/9/2021 23:00,29.452,0,,,,
717,10/10/2021 1:00,29.452,0,,,,
718,10/10/2021 3:00,29.352,0,,,,
719,10/10/2021 5:00,29.352,0,,,,
720,10/10/2021 7:00,29.252,0,,,,
721,10/10/2021 9:00,29.152,72,,,,
722,10/10/2021 11:00,29.853,116,,,,
723,10/10/2021 13:00,29.853,304,,,,
724,10/10/2021 15:00,29.853,608,,,,
725,10/10/2021 17:00,29.652,168,,,,
726,10/10/2021 19:00,29.552,1,,,,
727,10/10/2021 21:00,29.452,0,,,,
728,10/10/2021 23:00,29.452,0,,,,
729,10/11/2021 1:00,29.552,0,,,,
730,10/11/2021 3:00,29.552,0,,,,
731,10/11/2021 5:00,29.552,0,,,,
732,10/11/2021 7:00,29.252,0,,,,
733,10/11/2021 9:00,29.352,38,,,,
734,10/11/2021 11:00,29.552,72,,,,
735,10/11/2021 13:00,29.853,136,,,,
736,10/11/2021 15:00,29.853,400,,,,
737,10/11/2021 17:00,29.853,480,,,,
738,10/11/2021 19:00,29.652,0,,,,
739,10/11/2021 21:00,29.452,0,,,,
740,10/11/2021 23:00,29.552,0,,,,
741,10/12/2021 1:00,29.552,0,,,,
742,10/12/2021 3:00,29.452,0,,,,
743,10/12/2021 5:00,29.452,0,,,,
744,10/12/2021 7:00,29.352,0,,,,
745,10/12/2021 9:00,29.352,144,,,,
746,10/12/2021 11:00,29.552,111,,,,
747,10/12/2021 13:00,29.752,136,,,,
748,10/12/2021 15:00,29.853,184,,,,
749,10/12/2021 17:00,29.752,400,,,,
750,10/12/2021 19:00,29.552,0,,,,
751,10/12/2021 21:00,29.552,0,,,,
752,10/12/2021 23:00,29.452,0,,,,
753,10/13/2021 1:00,29.352,0,,,,
754,10/13/2021 3:00,29.352,0,,,,
755,10/13/2021 5:00,29.352,0,,,,
756,10/13/2021 7:00,29.252,0,,,,
757,10/13/2021 9:00,29.352,44,,,,
758,10/13/2021 11:00,29.652,384,,,,
759,10/13/2021 13:00,29.652,400,,,,
760,10/13/2021 15:00,29.752,464,,,,
761,10/13/2021 17:00,29.752,320,,,,
762,10/13/2021 19:00,29.552,0,,,,
763,10/13/2021 21:00,29.552,0,,,,
764,10/13/2021 23:00,29.552,0,,,,
765,10/14/2021 1:00,29.352,0,,,,
766,10/14/2021 3:00,29.352,0,,,,
767,10/14/2021 5:00,29.352,0,,,,
768,10/14/2021 7:00,29.352,0,,,,
769,10/14/2021 9:00,29.352,216,,,,
770,10/14/2021 11:00,29.352,136,,,,
771,10/14/2021 13:00,29.652,200,,,,
772,10/14/2021 15:00,29.652,75,,,,
773,10/14/2021 17:00,29.652,400,,,,
774,10/14/2021 19:00,29.452,0,,,,
775,10/14/2021 21:00,29.352,0,,,,
776,10/14/2021 23:00,29.352,0,,,,
777,10/15/2021 1:00,29.352,0,,,,
778,10/15/2021 3:00,29.352,0,,,,
779,10/15/2021 5:00,29.452,0,,,,
780,10/15/2021 7:00,29.352,0,,,,
781,10/15/2021 9:00,29.452,42,,,,
782,10/15/2021 11:00,29.652,123,,,,
783,10/15/2021 13:00,29.552,79,,,,
784,10/15/2021 15:00,29.552,86,,,,
785,10/15/2021 17:00,29.552,128,,,,
786,10/15/2021 19:00,29.352,0,,,,
787,10/15/2021 21:00,29.352,0,,,,
788,10/15/2021 23:00,29.252,0,,,,
789,10/16/2021 1:00,29.152,0,,,,
790,10/16/2021 3:00,29.152,0,,,,
791,10/16/2021 5:00,29.252,0,,,,
792,10/16/2021 7:00,29.252,0,,,,
793,10/16/2021 9:00,29.252,37,,,,
794,10/16/2021 11:00,29.352,101,,,,
795,10/16/2021 13:00,29.452,101,,,,
796,10/16/2021 15:00,29.452,106,,,,
797,10/16/2021 17:00,29.452,65,,,,
798,10/16/2021 19:00,29.352,0,,,,
799,10/16/2021 21:00,29.352,0,,,,
800,10/16/2021 23:00,29.252,0,,,,
801,10/17/2021 1:00,29.252,0,,,,
802,10/17/2021 3:00,29.252,0,,,,
803,10/17/2021 5:00,29.252,0,,,,
804,10/17/2021 7:00,29.252,0,,,,
805,10/17/2021 9:00,29.252,32,,,,
806,10/17/2021 11:00,29.352,113,,,,
807,10/17/2021 13:00,29.452,288,,,,
808,10/17/2021 15:00,29.552,71,,,,
809,10/17/2021 17:00,29.352,36,,,,
810,10/17/2021 19:00,29.352,0,,,,
811,10/17/2021 21:00,29.352,0,,,,
812,10/17/2021 23:00,29.252,0,,,,
813,10/18/2021 1:00,29.252,0,,,,
814,10/18/2021 3:00,29.252,0,,,,
815,10/18/2021 5:00,29.053,0,,,,
816,10/18/2021 7:00,29.053,0,,,,
817,10/18/2021 9:00,29.152,38,,,,
818,10/18/2021 11:00,29.152,120,,,,
819,10/18/2021 13:00,29.252,192,,,,
820,10/18/2021 15:00,29.252,160,,,,
821,10/18/2021 17:00,29.252,122,,,,
822,10/18/2021 19:00,29.053,0,,,,
823,10/18/2021 21:00,29.053,0,,,,
824,10/18/2021 23:00,28.853,0,,,,
825,10/19/2021 1:00,28.754,0,,,,
826,10/19/2021 3:00,28.655,0,,,,
827,10/19/2021 5:00,28.555,0,,,,
828,10/19/2021 7:00,28.555,0,,,,
829,10/19/2021 9:00,28.655,127,,,,
830,10/19/2021 11:00,28.754,136,,,,
831,10/19/2021 13:00,28.555,152,,,,
832,10/19/2021 15:00,28.655,69,,,,
833,10/19/2021 17:00,28.853,184,,,,
834,10/19/2021 19:00,28.754,0,,,,
835,10/19/2021 21:00,28.853,0,,,,
836,10/19/2021 23:00,28.754,0,,,,
837,10/20/2021 1:00,28.655,0,,,,
838,10/20/2021 3:00,28.555,0,,,,
839,10/20/2021 5:00,28.456,0,,,,
840,10/20/2021 7:00,28.655,0,,,,
841,10/20/2021 9:00,28.655,33,,,,
842,10/20/2021 11:00,28.655,102,,,,
843,10/20/2021 13:00,28.853,288,,,,
844,10/20/2021 15:00,28.853,416,,,,
845,10/20/2021 17:00,28.655,48,,,,
846,10/20/2021 19:00,28.655,0,,,,
847,10/20/2021 21:00,28.754,0,,,,
848,10/20/2021 23:00,28.655,0,,,,
849,10/21/2021 1:00,28.456,0,,,,
850,10/21/2021 3:00,27.961,0,,,,
851,10/21/2021 5:00,28.159,0,,,,
852,10/21/2021 7:00,28.357,0,,,,
853,10/21/2021 9:00,28.655,128,,,,
854,10/21/2021 11:00,28.853,416,,,,
855,10/21/2021 13:00,28.953,480,,,,
856,10/21/2021 15:00,28.754,480,,,,
857,10/21/2021 17:00,28.555,98,,,,
858,10/21/2021 19:00,28.655,0,,,,
859,10/21/2021 21:00,28.655,0,,,,
860,10/21/2021 23:00,28.655,0,,,,
861,10/22/2021 1:00,28.555,0,,,,
862,10/22/2021 3:00,28.159,0,,,,
863,10/22/2021 5:00,28.258,0,,,,
864,10/22/2021 7:00,28.06,0,,,,
865,10/22/2021 9:00,28.456,50,,,,
866,10/22/2021 11:00,28.06,11,,,,
867,10/22/2021 13:00,28.06,70,,,,
868,10/22/2021 15:00,27.961,12,,,,
869,10/22/2021 17:00,27.665,2,,,,
870,10/22/2021 19:00,27.665,0,,,,
871,10/22/2021 21:00,27.567,0,,,,
872,10/22/2021 23:00,27.567,0,,,,
873,10/23/2021 1:00,27.567,0,,,,
874,10/23/2021 3:00,27.665,0,,,,
875,10/23/2021 5:00,28.258,0,,,,
876,10/23/2021 7:00,28.159,0,,,,
877,10/23/2021 9:00,28.456,119,,,,
878,10/23/2021 11:00,28.754,672,,,,
879,10/23/2021 13:00,29.252,512,,,,
880,10/23/2021 15:00,29.053,73,,,,
881,10/23/2021 17:00,29.152,66,,,,
882,10/23/2021 19:00,28.953,0,,,,
883,10/23/2021 21:00,28.853,0,,,,
884,10/23/2021 23:00,28.754,0,,,,
885,10/24/2021 1:00,28.754,0,,,,
886,10/24/2021 3:00,28.754,0,,,,
887,10/24/2021 5:00,28.655,0,,,,
888,10/24/2021 7:00,28.357,0,,,,
889,10/24/2021 9:00,28.754,28,,,,
890,10/24/2021 11:00,28.754,128,,,,
891,10/24/2021 13:00,28.953,384,,,,
892,10/24/2021 15:00,28.853,160,,,,
893,10/24/2021 17:00,28.853,51,,,,
894,10/24/2021 19:00,28.754,0,,,,
895,10/24/2021 21:00,28.655,0,,,,
896,10/24/2021 23:00,28.655,0,,,,
897,10/25/2021 1:00,28.655,0,,,,
898,10/25/2021 3:00,28.655,0,,,,
899,10/25/2021 5:00,28.655,0,,,,
900,10/25/2021 7:00,28.555,0,,,,
901,10/25/2021 9:00,28.655,4,,,,
902,10/25/2021 11:00,28.655,94,,,,
903,10/25/2021 13:00,28.555,123,,,,
904,10/25/2021 15:00,28.655,99,,,,
905,10/25/2021 17:00,28.555,20,,,,
906,10/25/2021 19:00,28.555,0,,,,
907,10/25/2021 21:00,28.456,0,,,,
908,10/25/2021 23:00,28.456,0,,,,
909,10/26/2021 1:00,28.456,0,,,,
910,10/26/2021 3:00,28.456,0,,,,
911,10/26/2021 5:00,28.456,0,,,,
912,10/26/2021 7:00,28.357,0,,,,
913,10/26/2021 9:00,28.456,41,,,,
914,10/26/2021 11:00,28.555,45,,,,
915,10/26/2021 13:00,28.754,109,,,,
916,10/26/2021 15:00,28.853,368,,,,
917,10/26/2021 17:00,28.754,288,,,,
918,10/26/2021 19:00,28.655,0,,,,
919,10/26/2021 21:00,28.655,0,,,,
920,10/26/2021 23:00,28.655,0,,,,
921,10/27/2021 1:00,28.555,0,,,,
922,10/27/2021 3:00,28.456,0,,,,
923,10/27/2021 5:00,28.456,0,,,,
924,10/27/2021 7:00,28.456,0,,,,
925,10/27/2021 9:00,28.456,62,,,,
926,10/27/2021 11:00,28.655,61,,,,
927,10/27/2021 13:00,28.655,108,,,,
928,10/27/2021 15:00,28.853,352,,,,
929,10/27/2021 17:00,28.853,288,,,,
930,10/27/2021 19:00,28.655,0,,,,
931,10/27/2021 21:00,28.655,0,,,,
932,10/27/2021 23:00,28.555,0,,,,
933,10/28/2021 1:00,28.555,0,,,,
934,10/28/2021 3:00,28.655,0,,,,
935,10/28/2021 5:00,28.655,0,,,,
936,10/28/2021 7:00,28.655,0,,,,
937,10/28/2021 9:00,28.754,368,,,,
938,10/28/2021 11:00,28.655,103,,,,
939,10/28/2021 13:00,28.853,168,,,,
940,10/28/2021 15:00,28.754,94,,,,
941,10/28/2021 17:00,28.754,78,,,,
942,10/28/2021 19:00,28.655,0,,,,
943,10/28/2021 21:00,28.655,0,,,,
944,10/28/2021 23:00,28.655,0,,,,
945,10/29/2021 1:00,28.555,0,,,,
946,10/29/2021 3:00,28.456,0,,,,
947,10/29/2021 5:00,28.456,0,,,,
948,10/29/2021 7:00,28.357,0,,,,
949,10/29/2021 9:00,28.258,107,,,,
950,10/29/2021 11:00,28.357,80,,,,
951,10/29/2021 13:00,28.555,89,,,,
952,10/29/2021 15:00,28.456,50,,,,
953,10/29/2021 17:00,28.456,23,,,,
954,10/29/2021 19:00,28.258,0,,,,
955,10/29/2021 21:00,28.159,0,,,,
956,10/29/2021 23:00,28.06,0,,,,
957,10/30/2021 1:00,28.06,0,,,,
958,10/30/2021 3:00,28.06,0,,,,
959,10/30/2021 5:00,27.961,0,,,,
960,10/30/2021 7:00,27.961,0,,,,
961,10/30/2021 9:00,27.961,115,,,,
962,10/30/2021 11:00,28.06,115,,,,
963,10/30/2021 13:00,28.06,68,,,,
964,10/30/2021 15:00,28.357,82,,,,
965,10/30/2021 17:00,28.357,53,,,,
966,10/30/2021 19:00,28.159,0,,,,
967,10/30/2021 21:00,28.06,0,,,,
968,10/30/2021 23:00,27.961,0,,,,
969,10/31/2021 1:00,27.862,0,,,,
970,10/31/2021 3:00,27.764,0,,,,
971,10/31/2021 5:00,27.862,0,,,,
972,10/31/2021 7:00,27.862,0,,,,
973,10/31/2021 9:00,27.862,144,,,,
974,10/31/2021 11:00,27.961,104,,,,
975,10/31/2021 13:00,28.06,58,,,,
976,10/31/2021 15:00,28.159,51,,,,
977,10/31/2021 17:00,28.357,21,,,,
978,10/31/2021 19:00,28.357,0,,,,
979,10/31/2021 21:00,28.357,0,,,,
980,10/31/2021 23:00,28.159,0,,,,
981,11/1/2021 1:00,28.06,0,,,,
982,11/1/2021 3:00,28.06,0,,,,
983,11/1/2021 5:00,27.961,0,,,,
984,11/1/2021 7:00,27.961,0,,,,
985,11/1/2021 9:00,27.862,23,,,,
986,11/1/2021 11:00,28.06,62,,,,
987,11/1/2021 13:00,28.159,85,,,,
988,11/1/2021 15:00,28.06,45,,,,
989,11/1/2021 17:00,28.258,104,,,,
990,11/1/2021 19:00,28.258,0,,,,
991,11/1/2021 21:00,28.258,0,,,,
992,11/1/2021 23:00,28.159,0,,,,
993,11/2/2021 1:00,28.06,0,,,,
994,11/2/2021 3:00,28.159,0,,,,
995,11/2/2021 5:00,28.258,0,,,,
996,11/2/2021 7:00,28.258,0,,,,
997,11/2/2021 9:00,28.258,45,,,,
998,11/2/2021 11:00,28.159,51,,,,
999,11/2/2021 13:00,27.764,16,,,,
1000,11/2/2021 15:00,27.961,24,,,,
1001,11/2/2021 17:00,28.06,7,,,,
1002,11/2/2021 19:00,27.961,0,,,,
1003,11/2/2021 21:00,28.06,0,,,,
1004,11/2/2021 23:00,27.862,0,,,,
1005,11/3/2021 1:00,27.272,0,,,,
1006,11/3/2021 3:00,27.272,0,,,,
1007,11/3/2021 5:00,27.665,0,,,,
1008,11/3/2021 7:00,27.37,0,,,,
1009,11/3/2021 9:00,27.468,17,,,,
1010,11/3/2021 11:00,27.468,79,,,,
1011,11/3/2021 13:00,27.764,128,,,,
1012,11/3/2021 15:00,27.665,63,,,,
1013,11/3/2021 17:00,27.567,25,,,,
1014,11/3/2021 19:00,27.468,0,,,,
1015,11/3/2021 21:00,27.37,0,,,,
1016,11/3/2021 23:00,27.272,0,,,,
1017,11/4/2021 1:00,27.567,0,,,,
1018,11/4/2021 3:00,27.272,0,,,,
1019,11/4/2021 5:00,27.272,0,,,,
1020,11/4/2021 7:00,27.272,0,,,,
1021,11/4/2021 9:00,27.468,25,,,,
1022,11/4/2021 11:00,27.468,68,,,,
1023,11/4/2021 13:00,27.665,107,,,,
1024,11/4/2021 15:00,27.665,104,,,,
1025,11/4/2021 17:00,27.764,35,,,,
1026,11/4/2021 19:00,27.567,0,,,,
1027,11/4/2021 21:00,27.567,0,,,,
1028,11/4/2021 23:00,27.37,0,,,,
1029,11/5/2021 1:00,27.468,0,,,,
1030,11/5/2021 3:00,27.468,0,,,,
1031,11/5/2021 5:00,27.37,0,,,,
1032,11/5/2021 7:00,27.272,0,,,,
1033,11/5/2021 9:00,27.37,18,,,,
1034,11/5/2021 11:00,27.567,30,,,,
1035,11/5/2021 13:00,26.977,15,,,,
1036,11/5/2021 15:00,26.683,0,,,,
1037,11/5/2021 17:00,26.879,3,,,,
1038,11/5/2021 19:00,27.37,0,,,,
1039,11/5/2021 21:00,27.468,0,,,,
1040,11/5/2021 23:00,27.567,0,,,,
1041,11/6/2021 1:00,27.37,0,,,,
1042,11/6/2021 3:00,26.977,0,,,,
1043,11/6/2021 5:00,26.781,0,,,,
1044,11/6/2021 7:00,26.781,0,,,,
1045,11/6/2021 9:00,27.272,8,,,,
1046,11/6/2021 11:00,27.468,54,,,,
1047,11/6/2021 13:00,27.37,48,,,,
1048,11/6/2021 15:00,26.879,62,,,,
1049,11/6/2021 17:00,27.075,24,,,,
1050,11/6/2021 19:00,27.37,0,,,,
1051,11/6/2021 21:00,27.272,0,,,,
1052,11/6/2021 23:00,27.272,0,,,,
1053,11/7/2021 1:00,27.173,0,,,,
1054,11/7/2021 3:00,26.879,0,,,,
1055,11/7/2021 5:00,26.585,0,,,,
1056,11/7/2021 7:00,26.292,0,,,,
1057,11/7/2021 9:00,26.488,19,,,,
1058,11/7/2021 11:00,27.075,43,,,,
1059,11/7/2021 13:00,27.075,59,,,,
1060,11/7/2021 15:00,27.075,74,,,,
1061,11/7/2021 17:00,26.781,35,,,,
1062,11/7/2021 19:00,26.781,0,,,,
1063,11/7/2021 21:00,26.977,0,,,,
1064,11/7/2021 23:00,27.075,0,,,,
1065,11/8/2021 1:00,27.075,0,,,,
1066,11/8/2021 3:00,26.781,0,,,,
1067,11/8/2021 5:00,26.879,0,,,,
1068,11/8/2021 7:00,26.977,0,,,,
1069,11/8/2021 9:00,27.272,13,,,,
1070,11/8/2021 11:00,27.37,26,,,,
1071,11/8/2021 13:00,27.37,33,,,,
1072,11/8/2021 15:00,27.468,62,,,,
1073,11/8/2021 17:00,27.37,46,,,,
1074,11/8/2021 19:00,27.272,0,,,,
1075,11/8/2021 21:00,27.173,0,,,,
1076,11/8/2021 23:00,27.272,0,,,,
1077,11/9/2021 1:00,27.272,0,,,,
1078,11/9/2021 3:00,27.272,0,,,,
1079,11/9/2021 5:00,27.173,0,,,,
1080,11/9/2021 7:00,27.173,0,,,,
1081,11/9/2021 9:00,27.272,7,,,,
1082,11/9/2021 11:00,27.272,22,,,,
1083,11/9/2021 13:00,27.37,25,,,,
1084,11/9/2021 15:00,27.468,81,,,,
1085,11/9/2021 17:00,27.468,40,,,,
1086,11/9/2021 19:00,27.37,0,,,,
1087,11/9/2021 21:00,27.272,0,,,,
1088,11/9/2021 23:00,27.272,0,,,,
1089,11/10/2021 1:00,27.272,0,,,,
1090,11/10/2021 3:00,27.173,0,,,,
1091,11/10/2021 5:00,26.977,0,,,,
1092,11/10/2021 7:00,26.879,0,,,,
1093,11/10/2021 9:00,26.879,34,,,,
1094,11/10/2021 11:00,26.977,120,,,,
1095,11/10/2021 13:00,27.075,73,,,,
1096,11/10/2021 15:00,27.272,37,,,,
1097,11/10/2021 17:00,26.488,14,,,,
1098,11/10/2021 19:00,26.781,0,,,,
1099,11/10/2021 21:00,26.488,0,,,,
1100,11/10/2021 23:00,26.292,0,,,,
1101,11/11/2021 1:00,26.977,0,,,,
1102,11/11/2021 3:00,27.075,0,,,,
1103,11/11/2021 5:00,26.781,0,,,,
1104,11/11/2021 7:00,26.39,0,,,,
1105,11/11/2021 9:00,26.39,36,,,,
1106,11/11/2021 11:00,26.879,39,,,,
1107,11/11/2021 13:00,27.173,35,,,,
1108,11/11/2021 15:00,27.272,23,,,,
1109,11/11/2021 17:00,27.272,6,,,,
1110,11/11/2021 19:00,27.075,0,,,,
1111,11/11/2021 21:00,26.879,0,,,,
1112,11/11/2021 23:00,26.879,0,,,,
1113,11/12/2021 1:00,27.075,0,,,,
1114,11/12/2021 3:00,27.075,0,,,,
1115,11/12/2021 5:00,27.075,0,,,,
1116,11/12/2021 7:00,27.075,0,,,,
1117,11/12/2021 9:00,26.879,2,,,,
1118,11/12/2021 11:00,26.977,13,,,,
1119,11/12/2021 13:00,27.075,15,,,,
1120,11/12/2021 15:00,27.272,32,,,,
1121,11/12/2021 17:00,27.173,6,,,,
1122,11/12/2021 19:00,27.173,0,,,,
1123,11/12/2021 21:00,27.075,0,,,,
1124,11/12/2021 23:00,27.075,0,,,,
1125,11/13/2021 1:00,27.075,0,,,,
1126,11/13/2021 3:00,27.075,0,,,,
1127,11/13/2021 5:00,27.075,0,,,,
1128,11/13/2021 7:00,27.075,0,,,,
1129,11/13/2021 9:00,27.075,15,,,,
1130,11/13/2021 11:00,27.075,121,,,,
1131,11/13/2021 13:00,27.173,51,,,,
1132,11/13/2021 15:00,27.173,22,,,,
1133,11/13/2021 17:00,27.173,16,,,,
1134,11/13/2021 19:00,27.075,0,,,,
1135,11/13/2021 21:00,27.075,0,,,,
1136,11/13/2021 23:00,26.879,0,,,,
1137,11/14/2021 1:00,26.39,0,,,,
1138,11/14/2021 3:00,26.39,0,,,,
1139,11/14/2021 5:00,26.781,0,,,,
1140,11/14/2021 7:00,26.683,0,,,,
1141,11/14/2021 9:00,26.781,11,,,,
1142,11/14/2021 11:00,26.683,33,,,,
1143,11/14/2021 13:00,26.683,232,,,,
1144,11/14/2021 15:00,26.585,20,,,,
1145,11/14/2021 17:00,26.683,6,,,,
1146,11/14/2021 19:00,26.488,0,,,,
1147,11/14/2021 21:00,26.292,0,,,,
1148,11/14/2021 23:00,26.097,0,,,,
1149,11/15/2021 1:00,25.902,0,,,,
1150,11/15/2021 3:00,25.708,0,,,,
1151,11/15/2021 5:00,25.902,0,,,,
1152,11/15/2021 7:00,25.805,0,,,,
1153,11/15/2021 9:00,25.805,8,,,,
1154,11/15/2021 11:00,25.61,19,,,,
1155,11/15/2021 13:00,25.805,24,,,,
1156,11/15/2021 15:00,25.902,17,,,,
1157,11/15/2021 17:00,26.585,26,,,,
1158,11/15/2021 19:00,26.292,0,,,,
1159,11/15/2021 21:00,26.292,0,,,,
1160,11/15/2021 23:00,26.097,0,,,,
1161,11/16/2021 1:00,25.902,0,,,,
1162,11/16/2021 3:00,26,0,,,,
1163,11/16/2021 5:00,26,0,,,,
1164,11/16/2021 7:00,26.097,0,,,,
1165,11/16/2021 9:00,26.195,6,,,,
1166,11/16/2021 11:00,25.902,23,,,,
1167,11/16/2021 13:00,25.805,24,,,,
1168,11/16/2021 15:00,25.902,53,,,,
1169,11/16/2021 17:00,25.805,10,,,,
1170,11/16/2021 19:00,25.708,0,,,,
1171,11/16/2021 21:00,25.61,0,,,,
1172,11/16/2021 23:00,25.708,0,,,,
1173,11/17/2021 1:00,25.416,0,,,,
1174,11/17/2021 3:00,25.319,0,,,,
1175,11/17/2021 5:00,26,0,,,,
1176,11/17/2021 7:00,26.097,0,,,,
1177,11/17/2021 9:00,26,6,,,,
1178,11/17/2021 11:00,25.708,75,,,,
1179,11/17/2021 13:00,25.125,20,,,,
1180,11/17/2021 15:00,25.125,11,,,,
1181,11/17/2021 17:00,26.097,4,,,,
1182,11/17/2021 19:00,26.781,0,,,,
1183,11/17/2021 21:00,26.683,0,,,,
1184,11/17/2021 23:00,26.683,0,,,,
1185,11/18/2021 1:00,26.585,0,,,,
1186,11/18/2021 3:00,26.195,0,,,,
1187,11/18/2021 5:00,26,0,,,,
1188,11/18/2021 7:00,25.805,0,,,,
1189,11/18/2021 9:00,26.585,3,,,,
1190,11/18/2021 11:00,26.585,35,,,,
1191,11/18/2021 13:00,26.585,11,,,,
1192,11/18/2021 15:00,26.585,3,,,,
1193,11/18/2021 17:00,26.585,0,,,,
1194,11/18/2021 19:00,26.195,0,,,,
1195,11/18/2021 21:00,25.805,0,,,,
1196,11/18/2021 23:00,25.708,0,,,,
1197,11/19/2021 1:00,26.097,0,,,,
1198,11/19/2021 3:00,26.195,0,,,,
1199,11/19/2021 5:00,26.781,0,,,,
1200,11/19/2021 7:00,26.879,0,,,,
1201,11/19/2021 9:00,26.879,14,,,,
1202,11/19/2021 11:00,26.879,41,,,,
1203,11/19/2021 13:00,27.075,256,,,,
1204,11/19/2021 15:00,26.977,12,,,,
1205,11/19/2021 17:00,26.879,8,,,,
1206,11/19/2021 19:00,26.879,0,,,,
1207,11/19/2021 21:00,26.879,0,,,,
1208,11/19/2021 23:00,26.781,0,,,,
1209,11/20/2021 1:00,26.683,0,,,,
1210,11/20/2021 3:00,26.488,0,,,,
1211,11/20/2021 5:00,26.39,0,,,,
1212,11/20/2021 7:00,26.585,0,,,,
1213,11/20/2021 9:00,26.488,0,,,,
1214,11/20/2021 11:00,26.39,7,,,,
1215,11/20/2021 13:00,26.39,7,,,,
1216,11/20/2021 15:00,26.488,6,,,,
1217,11/20/2021 17:00,26.39,0,,,,
1218,11/20/2021 19:00,26.292,0,,,,
1219,11/20/2021 21:00,26.292,0,,,,
1220,11/20/2021 23:00,26.292,0,,,,
1221,11/21/2021 1:00,26.195,0,,,,
1222,11/21/2021 3:00,26.097,0,,,,
1223,11/21/2021 5:00,26.195,0,,,,
1224,11/21/2021 7:00,26.097,0,,,,
1225,11/21/2021 9:00,26.097,8,,,,
1226,11/21/2021 11:00,26.195,77,,,,
1227,11/21/2021 13:00,26.292,98,,,,
1228,11/21/2021 15:00,26.292,103,,,,
1229,11/21/2021 17:00,26.39,32,,,,
1230,11/21/2021 19:00,26.39,0,,,,
1231,11/21/2021 21:00,26.39,0,,,,
1232,11/21/2021 23:00,26.292,0,,,,
1233,11/22/2021 1:00,26.292,0,,,,
1234,11/22/2021 3:00,26.292,0,,,,
1235,11/22/2021 5:00,26.195,0,,,,
1236,11/22/2021 7:00,26.292,0,,,,
1237,11/22/2021 9:00,26.195,11,,,,
1238,11/22/2021 11:00,26.39,23,,,,
1239,11/22/2021 13:00,26.39,63,,,,
1240,11/22/2021 15:00,26.39,92,,,,
1241,11/22/2021 17:00,26.39,26,,,,
1242,11/22/2021 19:00,26.39,0,,,,
1243,11/22/2021 21:00,26.292,0,,,,
1244,11/22/2021 23:00,26.292,0,,,,
1245,11/23/2021 1:00,26.292,0,,,,
1246,11/23/2021 3:00,26.097,0,,,,
1247,11/23/2021 5:00,26,0,,,,
1248,11/23/2021 7:00,26,0,,,,
1249,11/23/2021 9:00,26.39,9,,,,
1250,11/23/2021 11:00,26.292,23,,,,
1251,11/23/2021 13:00,26.195,82,,,,
1252,11/23/2021 15:00,26.097,115,,,,
1253,11/23/2021 17:00,26.097,49,,,,
1254,11/23/2021 19:00,25.805,0,,,,
1255,11/23/2021 21:00,26.292,0,,,,
1256,11/23/2021 23:00,26.488,0,,,,
1257,11/24/2021 1:00,26.488,0,,,,
1258,11/24/2021 3:00,26.195,0,,,,
1259,11/24/2021 5:00,25.902,0,,,,
1260,11/24/2021 7:00,26,0,,,,
1261,11/24/2021 9:00,26.292,4,,,,
1262,11/24/2021 11:00,26.488,21,,,,
1263,11/24/2021 13:00,26.488,44,,,,
1264,11/24/2021 15:00,26.488,60,,,,
1265,11/24/2021 17:00,26.292,4,,,,
1266,11/24/2021 19:00,25.222,0,,,,
1267,11/24/2021 21:00,25.222,0,,,,
1268,11/24/2021 23:00,25.805,0,,,,
1269,11/25/2021 1:00,26.292,0,,,,
1270,11/25/2021 3:00,26.195,0,,,,
1271,11/25/2021 5:00,26.097,0,,,,
1272,11/25/2021 7:00,26,0,,,,
1273,11/25/2021 9:00,25.902,5,,,,
1274,11/25/2021 11:00,26.097,23,,,,
1275,11/25/2021 13:00,26.195,13,,,,
1276,11/25/2021 15:00,26.195,17,,,,
1277,11/25/2021 17:00,25.902,1,,,,
1278,11/25/2021 19:00,25.708,0,,,,
1279,11/25/2021 21:00,25.805,0,,,,
1280,11/25/2021 23:00,26,0,,,,
1281,11/26/2021 1:00,26,0,,,,
1282,11/26/2021 3:00,26,0,,,,
1283,11/26/2021 5:00,25.805,0,,,,
1284,11/26/2021 7:00,25.61,0,,,,
1285,11/26/2021 9:00,25.61,28,,,,
1286,11/26/2021 11:00,26.195,27,,,,
1287,11/26/2021 13:00,26.39,54,,,,
1288,11/26/2021 15:00,26.097,121,,,,
1289,11/26/2021 17:00,26,20,,,,
1290,11/26/2021 19:00,25.805,0,,,,
1291,11/26/2021 21:00,25.61,0,,,,
1292,11/26/2021 23:00,25.708,0,,,,
1293,11/27/2021 1:00,26,0,,,,
1294,11/27/2021 3:00,26.097,0,,,,
1295,11/27/2021 5:00,25.708,0,,,,
1296,11/27/2021 7:00,25.222,0,,,,
1297,11/27/2021 9:00,25.416,8,,,,
1298,11/27/2021 11:00,25.61,20,,,,
1299,11/27/2021 13:00,25.902,29,,,,
1300,11/27/2021 15:00,26.195,83,,,,
1301,11/27/2021 17:00,26.195,77,,,,
1302,11/27/2021 19:00,26.195,0,,,,
1303,11/27/2021 21:00,25.902,0,,,,
1304,11/27/2021 23:00,26,0,,,,
1305,11/28/2021 1:00,26,0,,,,
1306,11/28/2021 3:00,26,0,,,,
1307,11/28/2021 5:00,25.902,0,,,,
1308,11/28/2021 7:00,25.805,0,,,,
1309,11/28/2021 9:00,25.805,10,,,,
1310,11/28/2021 11:00,25.902,24,,,,
1311,11/28/2021 13:00,26.097,34,,,,
1312,11/28/2021 15:00,26.292,25,,,,
1313,11/28/2021 17:00,26.195,53,,,,
1314,11/28/2021 19:00,26.195,0,,,,
1315,11/28/2021 21:00,25.902,0,,,,
1316,11/28/2021 23:00,25.708,0,,,,
1317,11/29/2021 1:00,26,0,,,,
1318,11/29/2021 3:00,26,0,,,,
1319,11/29/2021 5:00,26,0,,,,
1320,11/29/2021 7:00,25.805,0,,,,
1321,11/29/2021 9:00,25.61,7,,,,
1322,11/29/2021 11:00,25.708,23,,,,
1323,11/29/2021 13:00,25.902,31,,,,
1324,11/29/2021 15:00,26.097,84,,,,
1325,11/29/2021 17:00,26,43,,,,
1326,11/29/2021 19:00,25.805,0,,,,
1327,11/29/2021 21:00,25.708,0,,,,
1328,11/29/2021 23:00,24.931,0,,,,
1329,11/30/2021 1:00,25.222,0,,,,
1330,11/30/2021 3:00,25.61,0,,,,
1331,11/30/2021 5:00,25.805,0,,,,
1332,11/30/2021 7:00,25.902,0,,,,
1333,11/30/2021 9:00,25.805,40,,,,
1334,11/30/2021 11:00,25.61,108,,,,
1335,11/30/2021 13:00,25.61,77,,,,
1336,11/30/2021 15:00,25.902,24,,,,
1337,11/30/2021 17:00,26,16,,,,
1338,11/30/2021 19:00,26,0,,,,
1339,11/30/2021 21:00,25.902,0,,,,
1340,11/30/2021 23:00,25.513,0,,,,
1341,12/1/2021 1:00,25.319,0,,,,
1342,12/1/2021 3:00,25.708,0,,,,
1343,12/1/2021 5:00,25.902,0,,,,
1344,12/1/2021 7:00,25.902,0,,,,
1345,12/1/2021 9:00,25.805,12,,,,
1346,12/1/2021 11:00,25.708,46,,,,
1347,12/1/2021 13:00,25.028,128,,,,
1348,12/1/2021 15:00,25.028,96,,,,
1349,12/1/2021 17:00,25.222,20,,,,
1350,12/1/2021 19:00,25.708,0,,,,
1351,12/1/2021 21:00,25.805,0,,,,
1352,12/1/2021 23:00,25.513,0,,,,
1353,12/2/2021 1:00,25.028,0,,,,
1354,12/2/2021 3:00,24.641,0,,,,
1355,12/2/2021 5:00,24.738,0,,,,
1356,12/2/2021 7:00,25.61,0,,,,
1357,12/2/2021 9:00,25.513,10,,,,
1358,12/2/2021 11:00,25.416,176,,,,
1359,12/2/2021 13:00,25.028,288,,,,
1360,12/2/2021 15:00,25.319,152,,,,
1361,12/2/2021 17:00,25.513,16,,,,
1362,12/2/2021 19:00,25.61,0,,,,
1363,12/2/2021 21:00,25.61,0,,,,
1364,12/2/2021 23:00,25.61,0,,,,
1365,12/3/2021 1:00,25.319,0,,,,
1366,12/3/2021 3:00,25.319,0,,,,
1367,12/3/2021 5:00,25.513,0,,,,
1368,12/3/2021 7:00,25.513,0,,,,
1369,12/3/2021 9:00,25.513,8,,,,
1370,12/3/2021 11:00,25.61,25,,,,
1371,12/3/2021 13:00,25.61,64,,,,
1372,12/3/2021 15:00,25.708,112,,,,
1373,12/3/2021 17:00,25.61,31,,,,
1374,12/3/2021 19:00,25.61,0,,,,
1375,12/3/2021 21:00,25.61,0,,,,
1376,12/3/2021 23:00,25.416,0,,,,
1377,12/4/2021 1:00,25.222,0,,,,
1378,12/4/2021 3:00,25.125,0,,,,
1379,12/4/2021 5:00,25.319,0,,,,
1380,12/4/2021 7:00,25.513,0,,,,
1381,12/4/2021 9:00,25.708,9,,,,
1382,12/4/2021 11:00,25.708,23,,,,
1383,12/4/2021 13:00,25.61,68,,,,
1384,12/4/2021 15:00,25.513,27,,,,
1385,12/4/2021 17:00,25.513,10,,,,
1386,12/4/2021 19:00,25.61,0,,,,
1387,12/4/2021 21:00,25.61,0,,,,
1388,12/4/2021 23:00,25.61,0,,,,
1389,12/5/2021 1:00,25.416,0,,,,
1390,12/5/2021 3:00,25.222,0,,,,
1391,12/5/2021 5:00,25.028,0,,,,
1392,12/5/2021 7:00,25.319,0,,,,
1393,12/5/2021 9:00,25.513,6,,,,
1394,12/5/2021 11:00,25.61,15,,,,
1395,12/5/2021 13:00,25.708,160,,,,
1396,12/5/2021 15:00,25.708,208,,,,
1397,12/5/2021 17:00,25.61,32,,,,
1398,12/5/2021 19:00,25.708,0,,,,
1399,12/5/2021 21:00,25.708,0,,,,
1400,12/5/2021 23:00,25.708,0,,,,
1401,12/6/2021 1:00,25.708,0,,,,
1402,12/6/2021 3:00,25.61,0,,,,
1403,12/6/2021 5:00,25.61,0,,,,
1404,12/6/2021 7:00,25.61,0,,,,
1405,12/6/2021 9:00,25.61,7,,,,
1406,12/6/2021 11:00,25.708,20,,,,
1407,12/6/2021 13:00,25.805,208,,,,
1408,12/6/2021 15:00,25.61,16,,,,
1409,12/6/2021 17:00,25.61,5,,,,
1410,12/6/2021 19:00,25.61,0,,,,
1411,12/6/2021 21:00,25.805,0,,,,
1412,12/6/2021 23:00,25.805,0,,,,
1413,12/7/2021 1:00,25.805,0,,,,
1414,12/7/2021 3:00,25.708,0,,,,
1415,12/7/2021 5:00,25.513,0,,,,
1416,12/7/2021 7:00,25.513,0,,,,
1417,12/7/2021 9:00,25.416,9,,,,
1418,12/7/2021 11:00,25.805,31,,,,
1419,12/7/2021 13:00,25.902,200,,,,
1420,12/7/2021 15:00,25.805,104,,,,
1421,12/7/2021 17:00,25.708,41,,,,
1422,12/7/2021 19:00,25.61,0,,,,
1423,12/7/2021 21:00,25.61,0,,,,
1424,12/7/2021 23:00,25.708,0,,,,
1425,12/8/2021 1:00,25.708,0,,,,
1426,12/8/2021 3:00,25.61,0,,,,
1427,12/8/2021 5:00,25.61,0,,,,
1428,12/8/2021 7:00,25.513,0,,,,
1429,12/8/2021 9:00,25.513,6,,,,
1430,12/8/2021 11:00,26.097,14,,,,
1431,12/8/2021 13:00,26.292,18,,,,
1432,12/8/2021 15:00,26.195,0,,,,
1433,12/8/2021 17:00,26.195,0,,,,
1434,12/8/2021 19:00,23.292,0,,,,
1435,12/8/2021 21:00,23.677,0,,,,
1436,12/8/2021 23:00,23.677,0,,,,
1437,12/9/2021 1:00,23.773,0,,,,
1438,12/9/2021 3:00,23.773,0,,,,
1439,12/9/2021 5:00,23.869,0,,,,
1440,12/9/2021 7:00,23.869,0,,,,
1441,12/9/2021 9:00,23.966,0,,,,
1442,12/9/2021 11:00,24.255,0,,,,
1443,12/9/2021 13:00,23.966,0,,,,
1444,12/9/2021 15:00,23.484,0,,,,
1445,12/9/2021 17:00,23.292,0,,,,
1446,12/9/2021 19:00,23.196,0,,,,
1447,12/9/2021 21:00,23.677,0,,,,
1448,12/9/2021 23:00,23.966,0,,,,
