gene,annot,baseMean,log2FoldChange,lfcSE,pvalue,padj
Acropora_000027,positive regulation of mitotic metaphase/anaphase transition,15.723306333078721,0.14943580545562246,0.4640150316559843,0.005383181731865617,0.0960998809447175
Acropora_000151,Tektin family,111.26214281612363,1.0825620515567906,0.6037734561635048,0.005199625666803775,0.09359326200246795
Acropora_000194,endothelial cell proliferation,2.953967150312672,0.013171284561533618,0.4326884875824159,0.5711543416138345,0.8675280473844456
Acropora_000227,endopeptidase inhibitor activity,15.519740418195013,4.373569367210968,2.5251775443749125,3.267221887051478e-4,0.013258143453992063
Acropora_000234,Erythrocyte membrane protein band 4.1 like 4A,440.8874420037546,0.2151544330555402,0.2772349400198226,0.32614547348644746,0.7258786941245179
Acropora_000518,heteroduplex DNA loop binding,7.478395578433838,0.0957074097593403,0.4465767629852347,0.03419701915226518,0.27378740893489223
Acropora_000693,-,2.438807418214083,0.012031672607565531,0.43262805128143533,0.10040949616777399,0.45782667109109954
Acropora_000760,ubiquitin-dependent protein catabolic process via the multivesicular body sorting pathway,5.471230055381963,0.029772484494042066,0.4293072367969214,0.7617941616028076,0.9250158042356046
Acropora_000777,microtubule motor activity,3.600813406622055,0.02742207081193352,0.4336821682604516,NA,NA
Acropora_000997,UPF0369 protein,532.1873157644336,0.009755840238068025,0.24840193564091093,0.9644791199902034,0.9902183013376669
Acropora_001205,N-acetyl-beta-glucosaminyl-glycoprotein 4-beta-N-acetylgalactosaminyltransferase activity,31.690303951496194,0.44472466436289226,0.7131889137286218,0.0525015829630905,0.34096478242639733
Acropora_001281,N-acetyl-beta-glucosaminyl-glycoprotein 4-beta-N-acetylgalactosaminyltransferase activity,3.827081684144587,0.03475489070693794,0.4329492205646737,0.2962052491777476,0.701465485913469
Acropora_001618,Lipoxygenase,196.2297089314263,-0.11379511817151088,0.37616892663265883,0.5687125752413985,0.8675280473844456
Acropora_001625,Galactose-3-O-sulfotransferase,89.84079490294314,0.8121919571994587,1.0184700460495013,0.017226979500775813,0.1904150569979143
Acropora_001984,ligand-gated sodium channel activity,4.267857757302752,0.07220448915706486,0.4402471599475694,0.11534246180791377,0.4836559585877732
Acropora_002058,serine-type endopeptidase activity,2.854478087013867,0.07483970679871269,0.4421351666523914,0.09971253428711833,0.4563692126992002
Acropora_002071,TLC domain,3.2864746522331933,0.0400290204534725,0.4337384327631658,0.33377039174408424,0.7333188009329658
Acropora_002235,serotonin receptor activity,1.5382196091739861,0.009351094327826206,0.4309791468156826,0.9079018723831183,0.9733349785628608
Acropora_002641,Ribonuclease,176.8441901879855,1.3476313102451654,0.38900037668445786,3.057073630943411e-5,0.0017657793540736095
Acropora_002794,Protein FAM221A/B,7.3678465207901285,0.052138741876344645,0.4364281103014043,0.10834867970910382,0.47232308731095524
Acropora_002807,nucleosome assembly,2.2116764920529612,0.0021115833744370983,0.4309622438876817,0.99119316145027,0.9981211545949542
Acropora_003047,preantral ovarian follicle growth,157.05519630407596,0.49109917960038446,0.3764243701715652,0.05955073711249793,0.3601030934359813
Acropora_003075,DegT/DnrJ/EryC1/StrS aminotransferase family,12.201551694809805,0.15158739523375708,0.465904599041851,0.0175381621382892,0.19211375071292383
Acropora_003255,cilium assembly,5.229921179068722,0.02792451163937708,0.43373033050124893,0.321635798107798,0.723366584551334
Acropora_003269,positive regulation of hematopoietic stem cell proliferation,13.030400829441627,0.21614553140925405,0.5049821473420312,NA,NA
Acropora_003341,Calbindin 2a,8.887913387077203,0.02828385800851081,0.4296199173341354,0.6036158147136199,0.8750132278662497
Acropora_003342,prolyl 4-hydroxylase,173.89070737542306,0.17092294925576268,0.37240579210012054,0.45992923910187394,0.8182584075023475
Acropora_003405,metalloendopeptidase activity,44.87397297172031,0.6491078100377521,0.46854861861121455,0.031780247395029736,0.2645735182620758
Acropora_003431,G-protein coupled receptor activity,1.7553286174820975,0.045284301343228174,0.4348645681327395,0.2973496957581867,0.7016876898879367
Acropora_003443,lipid metabolic process,15.394203981442512,0.1398223363117945,0.44651232212098424,0.19947333623656358,0.6041891761906781
Acropora_003673,peptidyl-threonine phosphorylation,7.8164102528581765,0.06339375729391693,0.43746301834435597,0.057083363503563425,0.35437644501764815
Acropora_003709,Belongs to the complex I LYR family,48.77784334866189,0.19320754002159704,0.45966729107694404,0.143577680895938,0.5274760116996193
Acropora_004000,magnesium-dependent phosphatase 1,7.915817936225594,0.02035241617561972,0.42089579492801676,0.8262930064206286,0.9440285290149204
Acropora_004004,CTD nuclear envelope phosphatase 1 regulatory subunit 1,10.92243725022177,0.12221706666905466,0.45313504877651467,0.01094237263587997,0.14433908331908848
Acropora_004117,Transcriptional repressor scratch,5.936419198503355,0.01153766839918829,0.43088488761683497,0.9672334971825094,0.9913263492660334
Acropora_004176,negative regulation of superoxide anion generation,29.558740494837522,0.17608310193475943,0.4750729337838331,0.006614947614202107,0.10982190050287821
Acropora_004191,positive regulation of non-motile cilium assembly,5.172986585950987,0.017229887297631814,0.4306068121853299,0.5993829370387769,0.8738303614268011
Acropora_004197,regulator of G-protein signaling,67.36881487992017,0.1839014094911107,0.3833163808956097,0.37999629939356044,0.7671013878828521
Acropora_004214,"Possible plasma membrane-binding motif in junctophilins, PIP-5-kinases and protein kinases.",10.776395355678119,0.01686335436106368,0.4276506344335158,0.791482187600661,0.9367204739901335
Acropora_004455,prolyl 4-hydroxylase,6.884270477993351,0.13222966920712337,0.45351606740256245,0.21365181229658853,0.6186683395869376
Acropora_004560,RanBP-type and C3HC4-type zinc,4.501473967646062,0.058854038449477536,0.43495390509131854,0.16977284576675736,0.5668024037706457
Acropora_004625,negative regulation of sequestering of triglyceride,7.802205606732683,0.06743593164401791,0.44030104819453775,0.03569339717140891,0.2808873942111329
Acropora_004714,Reverse transcriptase (RNA-dependent DNA polymerase),10.575495200977288,0.05520221551774678,0.43556403097716784,0.07840110792670299,0.40919339893483847
Acropora_005383,calcium ion-regulated exocytosis of neurotransmitter,18.444043406291208,0.18777219086219726,0.4951452073449313,8.438234087313498e-4,0.027002349079403194
Acropora_005414,gamma-aminobutyric acid type B receptor subunit,10.628236711820795,0.030840870583535723,0.4282576538808145,0.7955748911886503,0.9381118794216454
Acropora_005464,obsolete TFIIIB-type transcription factor activity,194.32862690012328,0.3645305691044932,0.31158681332375543,0.134579257042757,0.514972407093303
Acropora_005809,establishment or maintenance of actin cytoskeleton polarity,1731.3649164811004,-0.1102118989780557,0.21498737435504314,0.5542638051027732,0.8606530532007503
Acropora_005832,microtubule associated serine threonine,9.758401791400365,0.14787127669544867,0.4700484278638128,0.007334680522865357,0.11539771483732425
Acropora_005850,Mannosyltransferase involved in glycosylphosphatidylinositol-anchor biosynthesis,2.6728083040743313,-0.013722710104915476,0.4308036339725981,0.740008294032105,0.9165459314926371
Acropora_005918,glucose dehydrogenase activity,3.7627761942624405,-0.0018689921838798665,0.43022220027005426,0.8760195152723002,0.961780095763563
Acropora_006110,DNA polymerase processivity factor activity,72.98299125477124,0.05678846353671653,0.39247796766844867,0.7369573775924272,0.9157207683219422
Acropora_006280,Matrix metalloproteinase-28,790.2288998300171,0.47610868567032233,0.4501952638416001,0.06195951174748241,0.36656086040958713
Acropora_006284,BTB POZ domain-containing protein,48.72676565742279,0.23695044341464,0.44215377875428563,0.20904643315574234,0.6144276169975157
Acropora_006314,Reverse transcriptase (RNA-dependent DNA polymerase),4.392545560395898,0.02980811389249951,0.4325172413310897,NA,NA
Acropora_006433,"zinc finger, RAN-binding domain containing",3.8545609586597425,0.056380813896781824,0.43795692229711936,0.08291136619478126,0.4205577400002785
Acropora_006519,Phosphatidylethanolamine-binding protein,5.650311736755542,0.056354670789455975,0.433457734813289,0.3212864697636352,0.7229730045598197
Acropora_006582,Sel1-like repeats.,122.1669025327444,0.30053835065917905,0.35906709635885536,0.19950401798923145,0.6041938538081938
Acropora_006671,Gamma-aminobutyric acid type B receptor subunit 2,3.96078355819456,0.0423776994711756,0.43246328946973545,0.5661185426353357,0.8667476640670883
Acropora_006729,G-protein coupled receptor activity. It is involved in the biological process described with G-protein coupled receptor signaling pathway,6.040876960520426,0.01538365444648631,0.432836348138775,NA,NA
Acropora_006745,WD repeat domain 11,1.89021948845452,0.012148429433055124,0.43261959378151915,0.7095268308673632,0.909678830079006
Acropora_006778,norepinephrine-epinephrine-mediated vasodilation involved in regulation of systemic arterial blood pressure,7.376515810236948,0.015249346390636326,0.4328247495764656,NA,NA
Acropora_006798,sodium channel activity,2.256959585453971,0.038517072900834316,0.43344807178301625,0.4449644359872473,0.8088184913318464
Acropora_006802,BPG-independent PGAM N-terminus (iPGM_N),14.49044478502554,0.08941877206366018,0.44493804401879844,0.046379642889283486,0.31930923626912044
Acropora_006804,transmembrane transport,16.80374389852051,0.010571382914807788,0.43129163577912183,0.4719779013996541,0.8263320714424922
Acropora_006809,SCP / Tpx-1 / Ag5 / PR-1 / Sc7 family of extracellular domains.,118.28588620289821,0.22463134164677334,0.4038850108531969,0.3098172510935797,0.7136603553295345
Acropora_006844,reverse transcriptase,18.040607103062914,0.026892641009786045,0.4111673635296417,0.8427593882570363,0.9498569883871093
Acropora_006997,Protein rolling stone-like,3.5888399924566325,0.029586964314579984,0.4320265671361681,0.5299558991338961,0.851470942027104
Acropora_007194,negative regulation of ERK1 and ERK2 cascade,4.630168199647258,0.05797764428737555,0.4347839346211118,0.1765637022850235,0.5752824612743578
Acropora_007457,galanin-activated signaling pathway,1.9068108139089095,-0.010278929860802607,0.4305638034829032,0.7824746814458015,0.934534903493845
Acropora_007498,Catalyzes the reversible phosphorolysis of thymidine. The produced molecules are then utilized as carbon and energy sources or in the rescue of pyrimidine bases for nucleotide synthesis,4.774489847934359,0.05080910602616832,0.436241685567876,0.17349611286565628,0.5718998719284174
Acropora_007553,Histone RNA hairpin-binding protein,11.91589387075101,0.12376553958517801,0.45240473351135563,0.1348679849249046,0.515506458138769
Acropora_007566,negative regulation of phosphatase activity,9.458549567413677,0.011859499757877189,0.42619405983794445,NA,NA
Acropora_007770,Belongs to the G-protein coupled receptor 2 family,4.018017693985131,0.02404622053239981,0.4306158572211883,0.569776147680668,0.8675280473844456
Acropora_007772,Outer dense fiber,3.2972180940012503,0.056156129441259604,0.4379059074143087,0.09307373038358259,0.444296086410935
Acropora_007810,regulation of phosphoprotein phosphatase activity,298.7958497245047,0.18082486288596514,0.2697341837848571,0.40966847793407013,0.7881690070923064
Acropora_007887,poly(A)-specific ribonuclease activity,14.5183875214777,0.0907403457033653,0.44681598893872265,0.005549967078120181,0.09773804468133154
Acropora_007934,"hydrolase activity, acting on ester bonds",3.9664039040958863,-0.004450892936275735,0.43061463414283635,0.7581416849583693,0.9243194954901662
Acropora_007964,protein-arginine omega-N asymmetric methyltransferase activity,4.330207051624336,0.044024690579432015,0.432116134718915,0.5900141426406225,0.8693113603165544
Acropora_008066,positive regulation of DNA endoreduplication,62.14864304939445,-0.08197845830879152,0.3680839561258746,0.6820184553779881,0.909678830079006
Acropora_008124,S100 protein binding,5.988725058688749,0.09152520448520392,0.4470174829321666,0.014812229606472719,0.17447906244102612
Acropora_008166,5'-tyrosyl-DNA phosphodiesterase activity,6.249815299798792,-0.01974163229573869,0.42467046234230504,0.8214783537122329,0.941911984504021
Acropora_008191,acid phosphatase activity,5.199519928233115,0.03604190565937852,0.43284897163686725,0.3241522060839257,0.7247325267476517
Acropora_008213,calcium ion-regulated exocytosis of neurotransmitter,8.066530458391002,0.008197897554025642,0.4316830731478328,0.6577981483160208,0.8976113716426037
Acropora_008270,serine-type endopeptidase activity,5.417822084632709,0.05007087721164437,0.42834357443328325,0.5665963901449002,0.8669526819690563
Acropora_008403,fucosyltransferase activity,4.175089176823126,0.08774955317926406,0.44312521801201454,0.07548294718963586,0.4019160911017379
Acropora_008468,adenylate cyclase-activating G-protein coupled receptor signaling pathway,111.9723869063627,0.3836129904728773,0.430670861754133,0.1313769200228619,0.5095442216478767
Acropora_008532,heme binding,2.805457792812091,0.03936279409119103,0.4336024667719269,0.4172767531333326,0.7930935612257365
Acropora_008659,metalloaminopeptidase activity,416.89540462374606,0.15074970151036335,0.2709868250305947,0.4961422629222662,0.8377417953290134
Acropora_008668,U-box domain,2.5975767764221214,0.05573388756387194,0.4377966889966828,0.1142680667845545,0.4814024040724344
Acropora_008801,"Protein tyrosine phosphatase, receptor type",4.04766111465749,0.0711614458786007,0.4404698765103013,0.11768778753841228,0.4872951202868444
Acropora_008815,Leucine-rich repeat-containing protein C10orf11 homolog,2.295850895952295,0.052631482757697245,0.4367900151040209,0.21373076567854551,0.618707383046838
Acropora_008863,ITP binding,3.537811751606086,0.010405267795317958,0.4301597014672664,0.9345407736304755,0.9821857411030556
Acropora_008889,potassium voltage-gated channel,5.545104838578548,-0.028642641757693207,0.4290706171359773,0.6201693832545768,0.8808113861222857
Acropora_008926,Belongs to the ubiquitin-conjugating enzyme family,11.323583030466617,0.10114908360152343,0.44345909481133516,0.1433383213865525,0.5274003080738062
Acropora_009057,neuropeptide Y receptor,10.487272111492993,0.16526493017828878,0.48123693859102284,0.0017431552010163788,0.04523913172500079
Acropora_009085,Belongs to the small GTPase superfamily. SAR1 family,3.3167564696438374,0.09179320324811314,0.4458053370067789,0.0964119746531659,0.4489499888277865
Acropora_009148,Pre-SET motif,0.740547605824922,-0.013954424250445626,0.43283449766966897,0.7203634794698166,0.909678830079006
Acropora_009154,Belongs to the class-I aminoacyl-tRNA synthetase family,37.24253564788271,0.2307475495806388,0.504638769319126,0.08828480649047109,0.43468488688702256
Acropora_009367,Olfactomedin-like 2A,15.235973503973238,-0.059868423114430726,0.42960403734945035,0.4188595682564358,0.7940992130785377
Acropora_009428,zinc ion binding,20.787486174453502,-0.006028972742172358,0.42414222973757837,0.8232840375422129,0.9427005412872572
Acropora_010096,Divergent CRAL/TRIO domain,2.661252928280453,-0.011199576802906596,0.4306337974998678,0.7555107503611117,0.9233702010633227
Acropora_010152,IgLON family member 5,8.062007008909744,-0.0022396763754074164,0.4311483652047045,0.9562768374520786,0.9880097908025064
Acropora_010249,miRNA binding,2.7800180257325096,0.06367058684360134,0.4382529188189237,0.15238406732029053,0.5434138150696539
Acropora_010413,Belongs to the mitochondrial carrier (TC 2.A.29) family,12.605359733639682,0.04649754249401342,0.4318757154654305,0.5724319102951534,0.8675280473844456
Acropora_010427,bactericidal permeability-increasing protein,4.454575726351628,0.038324661472245905,0.4288879938369896,0.6933594324377059,0.909678830079006
Acropora_010476,secondary active sulfate transmembrane transporter activity,2.996955784022974,0.06932613521107646,0.44030750107006833,0.10019012174601209,0.45770926735521195
Acropora_010762,DDE superfamily endonuclease,6.749805421517934,0.07421518978354591,0.43846841602755704,0.16506314292284233,0.5594555952350537
Acropora_010809,tRNA (uracil) methyltransferase activity,4.531317137957733,0.056695928476798094,0.43803761592706913,0.07018526292205499,0.3883084477351661
Acropora_011005,hypoglossal nerve development,6.972204119690902,0.02858105182354164,0.43085537439289345,0.7036607928788571,0.909678830079006
Acropora_011023,stabilization of membrane potential,7.408751741025724,0.05521954523197943,0.43062990117184924,0.531000395747289,0.8515637011570993
Acropora_011137,Protein FAM221A/B,4.0763315789614225,-4.332111057027443e-4,0.4311645532359881,0.999040189118632,0.9996179977135543
Acropora_011138,positive regulation of extrinsic apoptotic signaling pathway via death domain receptors,50.7301065178972,0.17900200714624254,0.3954671713499065,0.4111047939277258,0.7895405211526648
Acropora_011273,kinase binding,19.268603740094452,-0.06504684155834407,0.4111282408291287,0.6643258166929256,0.901240440624436
Acropora_011311,apoptotic mitochondrial changes,458.91810236178696,0.03575746558406253,0.27185380440186674,0.8732591217264845,0.9607222152017398
Acropora_011534,regulation of response to stimulus,2.6698085602461603,0.05576313593336075,0.4377926770540672,0.11527003493404259,0.483583135746901
Acropora_011569,ORMDL sphingolipid biosynthesis regulator,2.3602876702370414,0.013013390802506963,0.4326813369004466,0.068810525708302,0.38510315048202515
Acropora_011781,Reverse transcriptase (RNA-dependent DNA polymerase),3.2937728779431388,0.032617713580335016,0.43424176049010277,0.16635175073771927,0.5615285533611178
Acropora_011940,MFS_1 like family,2.5729487832896534,0.04988328269474182,0.43600369554642165,0.1916574211573264,0.59440618066911
Acropora_012175,Endonuclease/Exonuclease/phosphatase family,7.344618647782211,0.06207850833351665,0.4325968278120423,0.34346378151795415,0.7411075781732385
Acropora_012532,DDE superfamily endonuclease,9.582687270889306,0.12196155898721252,0.4415334707600774,0.25556347982734556,0.665798934748822
Acropora_012736,-,5.0540618773705805,0.09209184478164988,0.4462494158982177,0.0574682048588098,0.35490445899342044
Acropora_012738,Reverse transcriptase (RNA-dependent DNA polymerase),8.138969225007223,0.05148029877239057,0.43508459250505815,0.10566329802960003,0.4671863764251066
Acropora_012891,mitochondrial large ribosomal subunit assembly,6.359985424570209,-0.012809106934251113,0.43020740076943254,0.6972546422019208,0.909678830079006
Acropora_012910,protein O-linked glycosylation via threonine,23.961821162310727,0.11370644649356504,0.4174788723237569,0.4660415496016107,0.822567433185833
Acropora_012913,ybeY metallopeptidase,14.336874770890534,0.031291476613203056,0.4328574620546398,0.2430070153962117,0.6522968894829574
Acropora_012964,Homeobox even-skipped homolog protein 1,14.176469517964343,-0.052485430926009914,0.4340790123063656,0.11059107038761432,0.47519320100120555
Acropora_012992,prefoldin subunit 5,297.1592315981383,-0.2491572516890435,0.3400210170668577,0.2797992387969288,0.6858057938171531
Acropora_013002,quinolinate catabolic process,17.329884188288958,0.036426749556091084,0.42791698145664414,0.49558752155224317,0.8376946933645086
Acropora_013046,actin filament polymerization,37.351632264120106,-0.06920096170197709,0.3723441460698021,0.7182246923376314,0.909678830079006
Acropora_013052,Methyltransferase domain,3.857613753107322,0.027510644610681735,0.4336908635742712,0.35978792747901633,0.7531833793400324
Acropora_013112,Secreted protein acidic and rich in cysteine Ca binding region,8.316517540517665,0.042133367469540293,0.4298680222663014,0.5484423854249971,0.8579196264669899
Acropora_013166,Bacterial capsule synthesis protein PGA_cap,8.55759805361108,0.08811433240092002,0.43775889855351674,0.2253950631091991,0.6319351039254127
Acropora_013254,trypsinogen activation,2.7329251507272803,0.07913070815284065,0.44192444651987284,0.15728733824934277,0.5504984646772415
Acropora_013307,negative regulation of cardiac muscle contraction,5.559695583444972,0.07639950675787598,0.44265822056104004,0.05120245658851188,0.3363295199740209
Acropora_013343,Serine threonine-protein kinase,2.995263832471745,0.036794545710271145,0.43322979904498826,0.2964357372042471,0.701465485913469
Acropora_013375,C-type lectin (CTL) or carbohydrate-recognition domain (CRD),130.46378623497762,0.41590234929683434,0.5338486865160755,0.10311935318857617,0.4626999248817564
Acropora_013638,G-protein coupled receptor activity,2.296986802903748,0.045412299364772264,0.4359102440740227,0.186103461630579,0.5879750168105505
Acropora_013679,c-SKI Smad4 binding domain,64.07234064419718,0.08397066064804229,0.33600259440913394,0.6821424526354166,0.909678830079006
Acropora_013761,ubiquitin protein ligase binding,9.86631470809711,0.06726888143908663,0.43975539893303806,0.04456127642178371,0.31264974496243336
Acropora_013771,Galactosyltransferase,3.5828783325094222,0.022733276330692918,0.43163055835736436,0.5943901211270717,0.871968415400846
Acropora_013772,Galactosyltransferase,18.430872636632667,0.024638396599739112,0.4235098009173823,0.7718288359945018,0.9291302413640868
Acropora_013799,sequestering of BMP from receptor via BMP binding,6.328425947352727,0.09887692519955951,0.4458600511913219,NA,NA
Acropora_013929,Predicted ATPase of the ABC class,6.003502036059627,0.07874367207541867,0.4398662987991585,NA,NA
Acropora_013941,"Catalyzes the hydrolysis of N-formyl-L-kynurenine to L- kynurenine, the second step in the kynurenine pathway of tryptophan degradation. Kynurenine may be further oxidized to nicotinic acid, NAD(H) and NADP(H). Required for elimination of toxic metabolites",2.761563857131142,0.04664903129386688,0.43403956479637695,0.1384594140840941,0.5202200417553497
Acropora_013977,"Possible plasma membrane-binding motif in junctophilins, PIP-5-kinases and protein kinases.",11.057851696695465,0.06409605614243383,0.4331302546811472,0.3285311579927009,0.7288351441250289
Acropora_014324,exosome component 10,10.385381600989838,0.08199218066730708,0.4371933341041995,NA,NA
Acropora_014574,"cytochrome-b5 reductase activity, acting on NAD(P)H",2.479436929096163,0.0554151712546476,0.43774552916031645,0.11340989933081048,0.4799321780660584
Acropora_014601,Spermatogenesis-associated serine-rich protein 1,2.9882913174959556,0.05598972606588878,0.4378738531229096,0.09798218977486296,0.452595770917275
Acropora_014614,-,2.3422479040190534,0.00837958591086507,0.4324391884622832,0.6747150534049315,0.9066590245888306
Acropora_014634,Ribonuclease H protein,2.7963686370277716,0.007359957650789036,0.431746389655893,0.5180205383832832,0.8489428502264886
Acropora_014672,galactose-3-O-sulfotransferase 1,10.496179337113674,0.07707734384975985,0.4387292221286907,NA,NA
Acropora_014772,Zinc finger C4H2,46.22909078938101,-0.09637386299425188,0.4192028088227127,0.4507783008295575,0.8125718305387766
Acropora_014794,G-protein coupled receptor activity,3.5805061171888655,0.027404794053968062,0.4336805037202314,0.3690334312757183,0.760663740649433
Acropora_014989,chloride channel activity,6.279932979670498,0.06080697872199551,0.43690017448695195,0.4151659280580387,0.7917668246308738
Acropora_015027,SRY (sex determining region Y)-box,2.6397466211661973,0.045752097542959044,0.436000660743075,0.1643088137309515,0.5584257364707943
Acropora_015146,"Transferase activity, transferring acyl groups other than amino-acyl groups",6.207146724012721,0.07402228603193287,0.4391431630712857,0.11009983876814314,0.47433978782194564
Acropora_015183,polyprenol biosynthetic process,5.4702134350962774,0.06712346740856766,0.438440943254577,0.1708817757801,0.5679765990727311
Acropora_015239,"Broad-Complex, Tramtrack and Bric a brac",1.4739764077771262,0.0033814560616998992,0.43094965007626396,0.9774485368553358,0.9939771101624162
Acropora_015301,assembly chaperone 1,4.715640728133859,0.0223233753195333,0.4309893521589348,0.5603992771262629,0.8640303553670856
Acropora_015396,galanin-activated signaling pathway,7.288382699206196,0.10430635816067213,0.4476293665724465,0.025276579211871215,0.23378017240738694
Acropora_015411,Alpha-L-fucosidase,3.5826196928713796,0.04993557334009866,0.43601730357588514,0.30526270492910745,0.7100311216388079
Acropora_015467,tachykinin receptor activity,9.294053677675597,0.08697741454413034,0.43241955616413963,0.3780403354863312,0.7663549121756345
Acropora_015567,rRNA processing,94.6045234754706,0.6634528557757803,0.6059415124341179,0.042831210311371604,0.3073176391060905
Acropora_015607,vesicle-mediated transport,4.35815242311559,0.03280902066363844,0.43220078005488255,0.29493363445182447,0.7011726764936023
Acropora_015624,sphingolipid delta-4 desaturase activity,25.758307014224034,2.3782842909849355,2.3323237701715662,0.0016603051280089224,0.04385906875625951
Acropora_015639,Dienelactone hydrolase family,39.54145893969294,0.25016654834170077,0.37850171142201183,0.26801492450834813,0.6770877323860671
Acropora_015651,assists the folding of proteins upon ATP hydrolysis,185.65124186951172,0.633901364096272,0.5629378737752576,0.030385508802841125,0.25907644347685593
Acropora_015680,scavenger receptor activity,243.5344959849964,0.18545305706683174,0.31081407277982215,0.4102317319865941,0.7885210599252886
Acropora_015687,regulation of epidermal growth factor receptor signaling pathway,278.68526932340205,-0.08385291190531508,0.33642865910771036,0.694835999402886,0.909678830079006
Acropora_015692,activation of NF-kappaB-inducing kinase activity,3.3258163727506647,0.013687025880322412,0.43164425556968955,0.4008933986609077,0.7816578823975939
Acropora_015787,calmodulin-dependent protein kinase activity,9.373928220727384,6.206437979448808,2.232057513126709,1.2000046994862468e-4,0.005827470128465296
Acropora_015840,Endonuclease-reverse transcriptase,6.662297734903096,0.06549969723615427,0.43769105361851807,NA,NA
Acropora_015903,H4K20me3 modified histone binding,5.652852406127229,0.06483907139999368,0.43962380514502625,0.02991624845896621,0.2564461876995136
Acropora_015904,hAT family C-terminal dimerisation region,4.074177103625307,-0.017836294576091007,0.4308004696856315,0.6867371979863628,0.909678830079006
Acropora_015976,hypochlorous acid biosynthetic process,3.0097965920737346,0.05391641743176695,0.4371876529691066,0.1324680339534692,0.5109481309633812
Acropora_015986,ubiquinone biosynthetic process,8.792480901266991,0.11068755941891822,0.45227168848197885,0.07482908289429759,0.4000144013653402
Acropora_016080,oligosaccharide binding,2.361046420207365,0.04549420964894287,0.4359356469615515,0.18087299217998087,0.5818464731374625
Acropora_016184,tRNA-type intron splice site recognition and cleavage,10.217756451890901,0.13701880273845474,0.4599571356709372,0.00921033550327005,0.13153272520372436
Acropora_016214,Cation channel sperm-associated protein subunit delta,15.65794303562887,0.15299574823812817,0.47009190347939556,0.015046821098810354,0.17585267032774202
Acropora_016224,nuclease activity,3.9649301478691963,0.02661445119177995,0.431831149122018,0.6931338366199917,0.909678830079006
Acropora_016350,Annexin A13,4.662314348915865,0.014710210306217539,0.43279494627056536,0.0339954438710684,0.273334441299137
Acropora_016412,protein homooligomerization,2.1419170087313684,0.05528005157872334,0.4376961572876106,0.12987330853026122,0.5072618055534934
Acropora_016417,NADP-retinol dehydrogenase activity,6.063306829952008,0.057218627949247355,0.4380566362590569,0.07204629351869629,0.39292467282396953
Acropora_016864,DNA demethylation of male pronucleus,9.138708689855273,-0.03571360671147228,0.4320818184639697,0.35283892633925895,0.7479465580106782
Acropora_016868,Si ch211-69l10.4,12.96471541933824,4.027897454113418,2.416908033362489,0.005115897463407569,0.0931371815638449
Acropora_017391,ATP biosynthetic process,45.862730889016895,0.15043897470771253,0.44827718911874054,0.14349500957437783,0.5274760116996193
Acropora_017457,"Nuclear receptor subfamily 2, group E, member 3",134.46546635858883,0.19221868324311128,0.33559119149546,0.39218295256503954,0.77639249409669
Acropora_017478,structural constituent of cuticle,146.81347613073103,-0.2549191639623505,0.3862403998945728,0.2827498153424497,0.6890051948171839
Acropora_017582,Rab subfamily of small GTPases,8.147095092246339,0.08528151936465861,0.44287964961810594,0.03953680257152015,0.2959677659224639
Acropora_017659,Ran guanyl-nucleotide exchange factor activity,2.7866287383294663,0.0678294009163161,0.4397583072816294,0.1413501712059828,0.52452346995835
Acropora_017811,DDE superfamily endonuclease,6.212932667494929,0.059257818546926175,0.43725429380819064,0.09820672803155017,0.4532416453287835
Acropora_017886,"transferase activity, transferring acyl groups",8.42164693172851,0.040287276288069926,0.4252596585050279,0.5810729055617021,0.8675280473844456
Acropora_017925,positive regulation of cyclin-dependent protein serine/threonine kinase activity,1.8242614010784703,0.030913851521139322,0.43198828815494605,0.6712273978039434,0.9052140557272743
Acropora_017930,"tRNA splicing, via endonucleolytic cleavage and ligation",5.8528418812949194,0.10928884247552058,0.4530669458695114,0.02102505655881561,0.2104129212372589
Acropora_017932,protein folding in endoplasmic reticulum,3.019967220979284,0.06249889734425345,0.4350033735077604,0.291590477826349,0.6980997344537163
Acropora_018215,glutathione hydrolase activity,15.266385342837275,0.18980618503067842,0.4919728093399171,0.002470300907719381,0.057426187917566235
Acropora_018244,adenylate cyclase-inhibiting G-protein coupled glutamate receptor signaling pathway,43.27068630607195,0.4541519985006129,0.745398128877471,0.00397602390026975,0.07912363876774811
Acropora_018330,negative regulation of meiotic chromosome separation,4.456654822236189,0.011742845620159453,0.42989635124363396,0.637223489974335,0.8860367657820566
Acropora_018338,Common central domain of tyrosinase,65.07063735724148,0.023839568968977123,0.3574064819588352,0.913813690508157,0.9756476972205975
Acropora_018341,thick ascending limb development,8.882251753655193,0.05904257163336044,0.4384213585828535,0.03772367321256553,0.2890010151915158
Acropora_018392,ATP-dependent DNA helicase Q-like SIM-like,4.143619053534127,0.032796014756503636,0.43419453493054405,NA,NA
Acropora_018501,transcription initiation from RNA polymerase II promoter,2.157261194870325,0.002603199076044838,0.4322957590474794,0.8021683471493313,0.9381118794216454
Acropora_018502,translation initiation factor activity,192.25920315333352,0.2770993696131151,0.3182361403681682,0.23418697173289513,0.641832017691424
Acropora_018571,Animal haem peroxidase,5.39443852728924,0.09714165616411445,0.4363715899263855,0.3719815382102668,0.7625713471406913
Acropora_018581,NUC153 domain,14.492462997734371,0.07488846860100426,0.4298551590514228,0.42660545651045184,0.7992492542646124
Acropora_018649,Rhodanese Homology Domain,4.234738605130847,0.036833018440882145,0.43358465447113675,0.43921911241899714,0.8056247882474815
Acropora_018725,Hbs1-like,39.92840277303964,0.24743015976298055,0.48435456687871925,0.18259003867501936,0.5838610048172135
Acropora_019177,N-terminal peptidyl-methionine acetylation,377.3104352348893,0.18488826860818894,0.3120840786679493,0.3869543123799644,0.7724929836825785
Acropora_019467,DN3 thymocyte differentiation,5.4085550068983075,0.12082819532863207,0.4539406379495756,0.028704476450477703,0.2504064045759805
Acropora_019473,"IBA57, iron-sulfur cluster assembly homolog (S. cerevisiae)",149.52748330720806,-0.3212344097543037,0.35458309573577096,0.17516019883354442,0.5738099386135324
Acropora_019606,Protein phosphatase PTC7 homolog,7.020534428835434,0.028331828042601048,0.4337680664673254,0.2893171326620469,0.6959721650673091
Acropora_019727,poly(A)-specific ribonuclease (PARN)-like,4.315572944476281,0.05058665992706998,0.43656840080157855,0.17290220661110667,0.57076114538829
Acropora_019739,Histone H2B,5.4058764795661265,-0.037138985487100096,0.43324530162098984,0.25771831124113004,0.668159191704164
Acropora_019819,SNO glutamine amidotransferase family,3.4346206482652395,0.06291439928929488,0.43802494659847496,0.10243307856054183,0.4609243753537587
Acropora_019852,BTB (POZ) domain containing,31.435358102896746,0.39331396911477545,0.5361218734551078,0.09388205458877248,0.44611152502287665
Acropora_019899,positive regulation of epithelial to mesenchymal transition,10.539864099448542,0.009718083698974332,0.4196814695309118,0.9302310950220802,0.9815308638717526
Acropora_020102,solute carrier family 22,24.999712047701117,0.027011745846390912,0.4119851484143486,0.8270106034619564,0.9444782658692036
Acropora_020210,locomotory exploration behavior,38.969403100156235,0.06311513492684405,0.3866911137186172,0.7430828444037061,0.9181438807177287
Acropora_020419,helicase activity,367.80994368867846,0.21388791699103696,0.24493944908659773,0.29162826094046573,0.6980997344537163
Acropora_020448,Zona pellucida (ZP) domain,15.052184761824734,0.17197516481535036,0.4645637377895982,0.16471488590601094,0.5589593587622903
Acropora_020605,positive regulation of dipeptide transport,5.3967777980037415,0.08465951838702494,0.43937700013174696,0.16428531664741844,0.5584257364707943
Acropora_020635,sequence-specific DNA binding,32.30092540565134,0.05907236982637702,0.4113413206639762,0.6920630180336261,0.909678830079006
Acropora_020737,intraciliary transport,4.0285590694673905,0.009039216448646659,0.4310788404417857,0.5555947129668484,0.8614538906352807
Acropora_020747,MAP kinase kinase kinase kinase activity,549.5930351917104,0.16259236063356627,0.21376480345674106,0.37879532518231523,0.7668647485475388
Acropora_021017,Reverse transcriptase (RNA-dependent DNA polymerase),8.364361268669615,0.042020195955841284,0.4292058065705048,0.5197549098192855,0.8492249067313477
Acropora_021112,nuclease activity,3.8856389463917593,-0.0068437164182947215,0.43032659427960457,0.8173920744549357,0.940121030334325
Acropora_021369,YqaJ-like viral recombinase domain,4.941975588360251,0.04418653545491416,0.4358082759303452,0.0885454217539727,0.4350212350536551
Acropora_021471,L-glutamate import across plasma membrane,4.054604814955187,0.01158845722631551,0.43144100556673665,0.4305605727047755,0.8012151212366925
Acropora_021516,Rac guanyl-nucleotide exchange factor activity,1199.169193130193,0.1967619270386157,0.2220272992133652,0.29899633155067307,0.7028933303605219
Acropora_021639,G-protein coupled receptor activity,2.4092803292881855,0.02470838015505822,0.4326793553239935,0.4122323228077222,0.7902421600943818
Acropora_021780,SPRY domain,3.2163663961875786,0.028264781267779326,0.43216123743464036,0.22451902895941794,0.6312894884264573
Acropora_021781,translation initiation factor activity,177.63274809899255,-0.02457450640996097,0.31982315307735426,0.9068208988791256,0.9729631893652728
Acropora_021808,E3 ubiquitin-protein ligase,543.7865008015186,-0.13528988310102727,0.19345729303610049,0.4372898753077083,0.8048410440351857
Acropora_021910,Wax ester synthase-like Acyl-CoA acyltransferase domain,15.075219048131704,0.18302769367474742,0.4305206546137574,0.33003472027910713,0.7303494810473651
Acropora_021931,4-alpha-hydroxytetrahydrobiopterin dehydratase activity,3.083140916132669,0.05802564287822334,0.43708368247598745,0.1377557427071059,0.5191781680402986
Acropora_021945,K02A2.6-like,2.7836783618950007,0.014147135103910363,0.4303891819668494,0.6485064205981652,0.891916769750186
Acropora_022043,major facilitator superfamily,5.654064096382356,0.10805333472277807,0.45258458689190134,0.026940318383377824,0.24214756913642072
Acropora_022150,intraciliary transport,237.22638232395522,0.005573020884811034,0.26464340446066964,0.9853980614665513,0.9967065960485739
Acropora_022158,potassium voltage-gated channel,1.484197992548378,0.0543775035444833,0.4374538943438722,0.17707015589200722,0.5761832248095569
Acropora_022227,actin binding,2.74973536955106,-0.014320065014323856,0.4308574953911255,0.7327571603797853,0.9135124437945787
Acropora_022278,electron-transferring-flavoprotein dehydrogenase activity,365.98608683960254,0.12017077852941348,0.2869752713245815,0.5782130088729815,0.8675280473844456
Acropora_022322,endothelial cell proliferation,5.266190021642147,0.06020962805333007,0.43588664465428595,0.10357199620199779,0.4632778219302663
Acropora_022419,"regulation of ATP-dependent microtubule motor activity, plus-end-directed",16.007740569287147,0.08095638056673311,0.44202627909050796,0.05398667834965973,0.34559134596095076
Acropora_022430,visceral mesoderm-endoderm interaction involved in midgut development,4.103404706528774,-0.014516759092043866,0.42809360761657783,0.7912380865044681,0.9367204739901335
Acropora_022474,Sad1 and UNC84 domain containing 1,2.0518605864422637,0.03584587998894668,0.4336709500921996,0.3493082962076906,0.7445763026710733
Acropora_022505,[heparan sulfate]-glucosamine 3-sulfotransferase 1 activity,3.2692282679906866,0.044655492322686216,0.4336931952608556,0.4329925111719853,0.8026429459755647
Acropora_022538,alpha-catenin binding,60.54015285073689,0.14812885810732726,0.33040070228927393,0.509986628045628,0.843956002921297
Acropora_022679,Coiled-coil domain containing 33,1.9710328139319166,0.05263133533111789,0.436867301286375,0.18809067585909264,0.5904993572466534
Acropora_022730,Endoplasmic reticulum to nucleus signaling,7.308901154735754,0.2272736700119037,0.5111862171017708,0.07884915111665555,0.41097650627354465
Acropora_022763,It is involved in the biological process described with,25.411054338456182,0.12348031943484641,0.44058583497457743,0.33895491819093004,0.7383001986024299
Acropora_023007,nuclease activity,5.4653562062396,-0.014722858363398554,0.4305149581170883,0.6009781363530111,0.8744781602378682
Acropora_023108,positive regulation of androgen receptor activity,10.101099646385066,0.08276875047837474,0.4381008985662357,0.3116031238592224,0.7153899885235645
Acropora_023219,negative regulation of vascular endothelial growth factor receptor signaling pathway,1.8407550760281726,0.05474103787773082,0.43756693620971693,0.14759722351306034,0.5338524379499074
Acropora_023508,Ran GTPase binding,318.84736779931814,0.06082273912529992,0.2947191821224239,0.7809917232550074,0.9341005331989289
Acropora_023552,"Solute carrier family 9, subfamily C (Na -transporting carboxylic acid decarboxylase), member 1",4.328202198552769,-0.019393487654933764,0.43112080095593,0.6355388685983407,0.8854756419576156
Acropora_023565,PIH1 domain-containing protein,8.616317114955896,7.7658754865537745,3.441864094755285,4.4643628583222473e-4,0.01692377115725231
Acropora_023578,transmembrane transport,232.0745603604708,0.09631458010784678,0.3092128005478025,0.6768936266974612,0.9071259317981083
Acropora_023585,Neuronal PAS domain-containing protein 2 isoform X1,4.635914465385908,0.015174041631721156,0.4258088553178505,NA,NA
Acropora_023661,DEAD/DEAH box helicase,9.283935355656912,0.09186398756097035,0.4403045332654204,0.3106390619352705,0.7144371212844134
Acropora_023760,A-type (transient outward) potassium channel activity,5.16038502961859,0.0443629058091932,0.430124421688986,0.4210605030827075,0.7955112201218383
Acropora_023888,"Broad-Complex, Tramtrack and Bric a brac",3.5766460870540593,0.04412634965054813,0.4345580965347297,0.2420777848791697,0.6509514755030045
Acropora_023895,1-aminocyclopropane-1-carboxylate synthase-like protein,25.530067067073382,-0.038505180164615765,0.3903520331810127,0.8140349329161813,0.9393899870083522
Acropora_023929,establishment of glial blood-brain barrier,10.412703089287985,0.16830916319773503,0.4782858483264528,0.002080876884461023,0.051822883623527174
Acropora_023930,BUD22 family,139.12299472631648,-0.01853720600279001,0.32448520834250544,0.9264575314472167,0.9799194588365474
Acropora_024021,Amino acid kinase family,1.6806953759347256,0.011825356457614131,0.4325906515820089,0.7391336226450257,0.9163774027791718
Acropora_024123,transmembrane transport,4.255968010663726,0.030607485311018798,0.43190799875326075,0.6755820987031634,0.906840393494873
Acropora_024866,K02A2.6-like,3.3747159289398763,0.007974527581387602,0.4324360519145134,NA,NA
Acropora_024973,G-protein coupled receptor activity,3.4830012136978983,0.010539846202890148,0.4308660844251768,0.9722949137156631,0.9924932229402378
Acropora_025219,gluconolactonase activity,27.19476288667365,0.1496066615336148,0.46720213007796224,1.2356224128282143e-4,0.005972463019208823
Acropora_025224,Transposase IS4,7.677230504370816,0.11374757869230843,0.45345276912206406,0.012899852661035254,0.15960104103772496
Acropora_025357,protein kinase activity,6.917731769588774,0.0036478904302036483,0.42597580400375024,0.9446009272772198,0.9848508853843423
Acropora_025383,-,33.714225029139854,-0.17728490365270297,0.45522575934377246,0.16233481845930198,0.5578643829209398
Acropora_025503,protein N-linked glycosylation via asparagine,50.15467793211016,0.07023858838759095,0.3946891363957662,0.6889336417274554,0.909678830079006
Acropora_025880,polypeptide,16.620507774806455,0.38761400547487196,0.6974070160217618,0.0038644060025197257,0.07757243259269025
Acropora_026043,metallopeptidase activity,126.83827370481268,0.5386937414402356,0.457335723080729,0.04897264269483151,0.32878123879599425
Acropora_026075,Belongs to the ATP guanido phosphotransferase family,10.116256701025135,0.1189680339123579,0.4436321973683947,0.24861522751922413,0.6571569181159439
Acropora_026083,RNA binding,12.076552808302493,0.09065382924179799,0.4405712571289408,0.06224058186951219,0.36729319763131124
Acropora_026094,NME NM23 family member,307.86842357017537,0.1488791829710521,0.2680485827005473,0.49012972675724964,0.8359325230795104
Acropora_026142,HD domain,85.38084692904202,-0.07054181107209562,0.36513230436402866,0.7182157797321573,0.909678830079006
Acropora_026223,"DNA-binding transcription factor activity, RNA polymerase II-specific",2.1344162207096447,0.012713920651283416,0.43265951504149275,0.6609753660459662,0.8986352734283475
Acropora_026270,mesenchymal stem cell proliferation,5.6129091961645345,0.04052600547149626,0.42754348286280874,0.5817494869947804,0.8675280473844456
Acropora_026325,-,3.2697289088570884,0.005612076906103369,0.42968456954204487,0.8782636220154694,0.9627497740588594
Acropora_026332,Putative DNA-binding domain,66.88564237710254,-0.34006160039968447,0.36291715073996084,0.17520683177812627,0.5738099386135324
Acropora_026389,peptidyl-prolyl cis-trans isomerase activity,410.3281909135188,2.117521372829773,0.9507841984142782,2.4761026263478387e-4,0.010586487435040986
Acropora_026405,ribosomal protein L53,2.6697002912398733,-0.0039901638071018816,0.42854681737789146,0.850500561429441,0.9533501570077206
Acropora_026429,Archease protein family (MTH1598/TM1083),3.100835276061963,0.012570877285086667,0.4326766762500251,0.6061998291322936,0.8757019687125605
Acropora_026439,Ion channel,12.203504535530374,0.038131125086913575,0.42623067846366547,0.5975498750516777,0.8732668368361662
Acropora_026491,Amidohydrolase family,2.726267970214178,0.04577948964325709,0.435999406263025,0.16157236987718693,0.556640620818035
Acropora_026936,protein C2orf50 homolog,32.24113656223668,0.007303051844460394,0.394755843459685,0.9674728723035079,0.9914266113212523
Acropora_026959,prolyl endopeptidase,6.166016121945094,0.03054296138262638,0.43008767510019713,NA,NA
Acropora_027061,pericentric heterochromatin assembly,311.9270190339864,0.2706998895887302,0.27182373044280417,0.2122689799034359,0.618202918071206
Acropora_027253,scavenger receptor activity,105.70519816958748,0.18644370300588395,0.42829557143471414,0.280645704786855,0.6865754032238478
Acropora_027284,Belongs to the glycosyltransferase 43 family,8.804819898279383,0.06867459064581019,0.4365791240129137,0.1804433818175426,0.5815470881828665
Acropora_027287,respiratory chain complex III assembly,4.216987440189296,0.02763383233171891,0.4337027807817352,0.34813866115889847,0.744321441662673
Acropora_027499,receptor 133,6.614406318775702,0.05709362086685016,0.4381606756767753,0.04319249280559951,0.3083089383036257
Acropora_027571,calcium ion binding,11.210831878796451,0.10930165403164906,0.4369228710914623,0.358321148338311,0.7516093392683229
Acropora_027633,thiol-dependent ubiquitin-specific protease activity,4.501386795357072,0.03180662557576342,0.4341930841818983,0.16651904943874649,0.5617604440919762
Acropora_027636,Milk fat globule-EGF factor 8 protein,78.89463339128345,0.06492412505286274,0.34264621531189,0.7515560292001751,0.9220913449792811
Acropora_027662,"Coagulation factor 5/8 C-terminal domain, discoidin domain",1.4660189987175782,0.05449681311081654,0.437458790635874,0.18360837020907952,0.5848636819054547
Acropora_027858,Vesicular inhibitory amino acid,2.56783383703671,0.013058060651433183,0.43268967390998925,0.06248367020842086,0.3677721786664249
Acropora_027863,-,2.162903054269085,0.03150934264521777,0.4322737006575406,0.619176204869825,0.8807061235503321
Acropora_027897,Belongs to the fatty acid desaturase type 1 family,1.739085838791722,0.05140623387450467,0.43650724042130196,0.21244679616261788,0.618202918071206
Acropora_027925,Fibrinogen-related domains (FReDs),2.7719390882581783,0.019303995080340575,0.4296668583861163,0.7609608410803026,0.9247814628065576
Acropora_028042,-,72.14806664272957,0.6230254853508311,0.5334489914739039,0.039873062031632774,0.2968789279310367
Acropora_028086,FLJ43738-like,58.11253622965363,0.48584427038215505,0.7016671451422061,0.04366847097091171,0.3103618290056997
Acropora_028103,glucose:sodium symporter activity,5.3129489696847445,0.09517598452733372,0.4438867505550797,0.08373337184398692,0.4231769920928376
Acropora_028635,"cleavage in ITS2 between 5.8S rRNA and LSU-rRNA of tricistronic rRNA transcript (SSU-rRNA, 5.8S rRNA, LSU-rRNA)",140.68450125345518,0.19399361141799829,0.3382415791249071,0.3802212608342956,0.7671013878828521
Acropora_028953,Transposase IS4,4.409325028148727,0.03847548833802481,0.43097418564779566,0.5036896075531245,0.8415612890880302
Acropora_029163,Ribonuclease H protein,3.139475193782306,0.012447235274082044,0.4326700469876961,0.6151235645802788,0.8791367512177409
Acropora_029217,calcium ion binding,4.3219024387885545,0.05691037140156987,0.43802896929047275,0.08540246360881652,0.42744520526005775
Acropora_029379,-,8.698942618344617,0.024349826083357822,0.4305672783140856,NA,NA
Acropora_029414,exodeoxyribonuclease I activity,2.853953308274354,-0.01924328734200483,0.4308051997904432,0.6271075102518857,0.8821581568287251
Acropora_029522,A-type (transient outward) potassium channel activity,2.5075151730000087,0.039951067405940066,0.4335866952716317,0.18856121284171937,0.5914393147006342
Acropora_029556,protein methyltransferase activity,7.175689406681006,0.208499288718864,0.5094662719474808,0.0045456242286635706,0.0860011468287923
Acropora_029604,heme binding,2.3395341685536417,0.027597864574092298,0.43226385561512604,0.42193526472729403,0.7956485559749723
Acropora_029616,RNA binding,2.898623692038927,0.01071111745870212,0.43135376734039876,0.605293875807951,0.8757019687125605
Acropora_029645,renal filtration cell differentiation,2.1844681710397933,0.022236235414023003,0.4315569460053708,0.5504528343820914,0.8588555284986491
Acropora_029679,glucose transmembrane transporter activity,3.8528963125941966,0.0782464723636542,0.44283205221978905,0.08421062820859637,0.4241286406745597
Acropora_029767,BIR domain binding,3.582511087165876,0.0485280585739029,0.43564646770146176,0.24756241924031394,0.655642800332632
Acropora_029794,Major Facilitator Superfamily,4.264212747570495,-0.0035078454559372956,0.42936649634171214,0.9097942419819496,0.9741050963875513
Acropora_029921,piRNA biosynthetic process,1.6420244875722523,0.00781695870183123,0.4309348745164885,0.9249851899387385,0.979553319744932
Acropora_029926,"BCCT, betaine/carnitine/choline family transporter",5.236896747056441,0.0279248856587987,0.4337303857651946,0.32162179387479256,0.723366584551334
Acropora_029986,RNA recognition motif,163.57584908567475,0.2026097652956184,0.35943005631221475,0.3837186439261013,0.7698877407306857
Acropora_030136,adiponectin receptor,8.071473600475038,0.02849783292101948,0.4337829996751872,0.27481574920669904,0.6825373872376743
Acropora_030146,regulation of intraciliary retrograde transport,333.91836250580945,0.04876365367778355,0.2856796912237172,0.825933004331528,0.9439234335217463
Acropora_030346,Ring finger protein,4.326070655563847,0.0205996307459848,0.43222579623898283,NA,NA
Acropora_030588,structural constituent of cytoskeleton,214.3944333557321,0.34169565702914445,0.42554969037821216,0.18841105837342528,0.5910577468126091
Acropora_030865,THAP,11.09171659428991,0.06005844346933358,0.4365739147648668,0.07855950000608333,0.4098137841826777
Acropora_030944,Cystathionine gamma-lyase,68.75475858574977,-0.1561271870770692,0.3680294716492608,0.4585502518844825,0.8175425554757548
Acropora_030951,phosphatidylserine decarboxylase,3.3575608466122038,0.04495212064496371,0.4329457540328848,0.3235625614047364,0.7242467272894647
Acropora_030978,cell surface pattern recognition receptor signaling pathway,3.0846337922388165,-3.0746069311170883e-4,0.42891818128934917,0.975223240088033,0.9931967571342147
Acropora_031019,Belongs to the protein kinase superfamily,19.435018684381795,0.0791337601903943,0.440261736446446,0.07902547094985275,0.4112608526728244
Acropora_031166,Golgi vesicle transport,162.85616088316374,0.036051024716233844,0.3036088259333591,0.866469148034106,0.9583477839575006
Acropora_031203,"acetyltransferase, which acetylates the inositol ring of phosphatidylinositol during biosynthesis of GPI- anchor",12.619115314222125,0.1398818623270111,0.4291007851380275,0.38406426567717905,0.7699851699779546
Acropora_031284,Store-operated calcium entry-associated regulatory factor,8.127921843151114,0.11704803792429783,0.4502945235550737,0.11312490384037774,0.4795089955098268
Acropora_031305,EP4 subtype prostaglandin E2 receptor binding,86.15169604140266,0.06866717723830995,0.3570177358275376,0.7373217199601048,0.9158442066067289
Acropora_031347,late endosome to lysosome transport,5.088736075327208,0.02926402174344686,0.4308820684924444,0.37995249032577216,0.7671013878828521
Acropora_031384,snRNA 3'-end processing,4.995617994989691,0.013423762660298232,0.4309704359032915,0.6180935930412708,0.8801040297145093
Acropora_031400,calcium ion binding,10.880969302978128,0.1118972056598288,0.4480804241623978,0.1433462642893505,0.5274003080738062
Acropora_031449,peptide antigen assembly with MHC class I protein complex,7592.584343831905,0.39691802651849867,0.21987128881177886,0.04320735190300181,0.3083089383036257
Acropora_031478,serine-type endopeptidase activity,51.32307380519347,0.3298354964245937,0.5738958860164978,0.06875940324675595,0.3849338514375624
Acropora_032165,mesenchymal-epithelial cell signaling involved in prostate gland development,59.939322415365496,-0.0102723870890135,0.39254622130935773,0.9434781851694795,0.9845629374931067
Acropora_032848,"RAB30, member RAS oncogene family",3.5106002353770838,0.0849785070166685,0.44304498191577685,0.05121311478871917,0.3363295199740209
Acropora_34084,Amiloride-sensitive sodium channel,15.71005827676089,0.19770308748495827,0.49260455193425917,0.031901486996557316,0.26524027039318865
Acropora_34110,"coreceptor activity involved in Wnt signaling pathway, planar cell polarity pathway",418.4458544913915,0.2122528243297781,0.28011633619931847,0.34603967929885093,0.7431580306838561
Acropora_34309,Reverse transcriptase (RNA-dependent DNA polymerase),2.4985137371042634,0.06197155141599124,0.4369655429143989,0.17624901367139198,0.5751255264208612
Acropora_34324,G-protein coupled receptor activity,12.187929794485733,0.1341337539699017,0.45571164012172527,0.11601210016106617,0.4843219063700157
Acropora_34366,G-protein coupled receptor activity,4.038220501896823,0.058989454922587024,0.4315230482326562,0.4333241358949149,0.8026429459755647
Acropora_34609,pogo transposable element with KRAB domain,3.975408841096642,0.0582254313171033,0.4357695798765194,0.34825934410219284,0.744321441662673
